year,state,crime_rate,unemployment_rate,divorce_rate_per_1000_people,homeownership_rate,minimum_wage_effective,cpi_average,inflation_rate,avg_wage_index,poverty_rate,education_per_capita,welfare_per_capita
1976,National,467.8,7.786562135616469,5.0,7.79,2.226666666666668,56.900000000000055,5.7,9226.48,14.1,494.5493097328816,332.59674110949777
1977,National,475.9,7.132504802090629,5.1,7.13,2.226666666666668,60.599999999999945,6.5,9779.44,13.92,528.4509842367092,380.3699836302535
1978,National,497.8,6.13419821261611,5.2,6.13,2.226666666666668,65.19999999999995,7.6,10556.03,13.43,579.8127148231346,365.539437242325
1979,National,548.9,5.9238266892661,5.3,5.92,2.910000000000003,72.59999999999995,11.3,11479.46,13.33,625.4556975016399,373.44348904764246
1980,National,596.6,7.255716835664719,5.2,7.26,3.11019607843137,82.40000000000005,13.5,12513.46,14.65,678.3876122288631,477.835406495811
1981,National,594.3,7.74128083040972,5.1444,7.74,3.360196078431369,90.9,10.3,13773.1,15.77,727.8567367822627,564.4785061442253
1982,National,571.1,9.86085724560746,5.0889,9.86,3.360196078431369,96.5,6.1,14531.34,16.54,736.5985746160345,597.5855122067458
1983,National,537.7,9.78047265210102,5.0333,9.78,3.360196078431369,99.60000000000002,3.2,15239.24,16.78,769.6187210006052,685.8008661724876
1984,National,539.2,7.63741221200804,4.9778,7.64,3.360196078431369,103.89999999999998,4.3,16135.07,16.04,816.1325713119355,611.1135207769897
1985,National,556.6,7.30410922644289,4.9222,7.3,3.360196078431369,107.60000000000004,3.5,16822.51,15.72,881.4419743100405,696.9806503797885
1986,National,620.1,7.09687179467939,4.8667,7.1,3.360196078431369,109.60000000000004,1.9,17321.82,15.2,950.3745904547256,663.8302134852563
1987,National,609.7,6.29718894698344,4.8111,6.3,3.360196078431369,113.60000000000007,3.7,18426.51,14.48,1003.5229612722355,691.8285492180845
1988,National,637.2,5.58916115687531,4.7556,5.59,3.4098039215686256,118.30000000000011,4.1,19334.04,14.81,1065.1919216746548,724.5159968866494
1989,National,663.1,5.340557846186631,4.7,5.34,3.4098039215686256,124.0,4.8,20099.55,14.3,1153.6268410180237,728.6778761277441
1990,National,731.8,5.67262840227244,4.7,5.67,3.4098039215686256,130.6999999999999,5.4,21027.98,14.84,1242.4188814281692,824.5796308954203
1991,National,758.1,6.927371833318759,4.6429,6.93,3.8852941176470606,136.1999999999999,4.2,21811.6,15.24,1322.249227567692,996.5357701686246
1992,National,757.5,7.60743686106412,4.5857,7.61,4.281764705882353,140.3000000000001,3.0,22935.42,15.79,1387.9788022735386,799.4602503402855
1993,National,746.8,7.02551529583226,4.5286,7.03,4.281764705882353,144.5,3.0,23132.67,16.79,1454.1268408348606,839.2854790529362
1994,National,713.6,6.16880545955019,4.4714,6.17,4.317058823529412,148.19999999999987,2.6,23753.53,15.68,1455.9266317658582,808.8067138133724
1995,National,684.5,5.64388515229746,4.4143,5.64,4.317058823529412,152.39999999999986,2.8,24705.66,14.21,1560.2462192084247,842.2469676180542
1996,National,636.6,5.457434446393711,4.3571,5.46,4.376862745098039,156.89999999999986,2.9,25913.9,14.14,1609.918237819675,829.9398917304461
1997,National,611.0,4.99627586611836,4.3,5.0,4.840588235294118,160.5,2.3,27426.0,13.58,1668.506895788775,814.8978538240283
1998,National,566.4,4.55010833226551,4.2,4.55,5.202549019607846,163.0,1.6,28861.44,13.02,1768.5174393193274,767.8876861213904
1999,National,523.0,4.2530368613342,4.1,4.25,5.202549019607846,166.60000000000014,2.2,30469.84,12.4,1862.9202852147384,779.040242331796
2000,National,506.5,4.02098505625783,4.0,4.02,5.313725490196081,172.19999999999993,3.4,32154.82,12.39,1973.7978963185574,782.1151638008023
2001,National,504.5,4.78668949290891,4.0,4.79,5.376862745098042,177.10000000000014,2.8,32921.92,13.23,2093.8379133021376,873.6851151598487
2002,National,494.4,5.85171523639456,3.9,5.85,5.417647058823531,179.89999999999986,1.6,33252.09,13.57,2231.2063070700897,1036.3959500215426
2003,National,475.8,6.0615916352333405,3.8,6.06,5.480588235294119,184.0,2.3,34064.95,13.8,2336.526180913869,1171.5368241218491
2004,National,463.2,5.597952018995691,3.7,5.6,5.518823529411766,188.8999999999998,2.7,35648.55,13.7,2430.7746906628995,1086.6764944752701
2005,National,469.0,5.14396630591553,3.6,5.14,5.578431372549022,195.29999999999995,3.4,36952.94,13.67,2541.31352851873,1063.2632636017217
2006,National,473.6,4.68893542752301,3.7,4.69,5.6917647058823535,201.6000000000002,3.2,38651.41,13.79,2720.475697688827,1072.653746069064
2007,National,466.9,4.67508043991925,3.6,4.68,6.124117647058823,207.342,2.9,40405.48,14.43,2758.8832150673124,1097.9212812520725
2008,National,457.5,5.84752568735509,3.5,5.85,6.591960784313728,215.3029999999999,3.8,41334.97,14.77,2904.6468993839835,1319.6116632443532
2009,National,431.9,9.37790617873382,3.5,9.38,7.033333333333337,214.53700000000012,-0.4,40711.61,15.11,2878.8236098851166,1712.9469360633468
2010,National,404.5,9.76802750870948,3.6,9.77,7.428627450980391,218.05599999999998,1.6,41673.83,15.91,2975.8204101161555,2168.2455783038663
2011,National,387.1,9.0663509285369,3.6,9.07,7.44078431372549,224.93900000000016,3.2,42979.61,16.07,2899.167797986411,2032.92477445817
2012,National,387.8,8.165597226875558,3.4,8.17,7.485490196078431,229.59399999999974,2.1,44321.67,15.99,2936.420838669802,1787.5155315122438
2013,National,379.1,7.48522447033036,3.3,7.49,7.513921568627452,232.9570000000002,1.5,44888.16,15.54,2901.7977599190026,1656.8407897234702
2014,National,372.0,6.25535554001903,3.2,6.26,7.651568627450982,236.7360000000002,1.6,46481.52,15.25,3026.5928778275425,1557.8615265746607
2015,National,384.6,5.3663646124623705,3.1,5.37,7.883921568627452,237.01699999999985,0.1,48098.63,14.33,3190.9667985496,1420.842491870337
2016,National,397.5,4.93347574521062,3.01,4.93,8.084509803921572,240.00699999999975,1.3,48642.15,13.94,3251.1762083993663,1416.6746112321712
2017,National,394.9,4.40478747099714,2.9,4.4,8.320392156862745,245.12000000000023,2.1,50321.89,13.91,3450.065821445488,1383.4000775093657
2018,National,383.4,3.93787458605048,2.9,3.94,8.559411764705883,251.107,2.4,52145.8,12.73,3397.4856044890735,1353.3536492084763
2019,National,379.4,3.71836707699005,2.7,3.72,9.068823529411764,255.65699999999978,1.8,54099.99,12.3,3602.8157646270524,1413.607955410715
1984,Alabama,431.2,11.3,4.9778,73.7,3.35,103.9,4.3,16135.07,26.3,664.0688259109312,219.3825910931174
1985,Alabama,457.5,9.6,4.9222,70.4,3.35,107.6,3.5,16822.51,26.3,744.3156037307789,249.48323670279808
1986,Alabama,558.0,9.6,4.8667,70.3,3.35,109.6,1.9,17321.82,26.0,813.4639537804572,239.4624466214519
1987,Alabama,559.2,8.2,4.8111,67.9,3.35,113.6,3.7,18426.51,25.6,805.9809809809809,236.7867867867868
1988,Alabama,558.6,7.3,4.7556,66.5,3.35,118.3,4.1,19334.04,24.9,886.5370231862379,239.04263275991022
1989,Alabama,590.8,7.0,4.7,67.6,3.35,124.0,4.8,20099.55,23.9,964.0834575260806,269.6969696969697
1990,Alabama,708.6,6.8,4.7,68.4,3.35,130.7,5.4,21027.98,22.7,1032.2444939371442,347.66146993318483
1991,Alabama,844.2,7.3,4.6429,69.9,3.8,136.2,4.2,21811.6,21.8,1077.5,443.4313725490196
1992,Alabama,871.7,7.5,4.5857,70.3,4.25,140.3,3.0,22935.42,21.0,1044.9138140325322,230.71133770332605
1993,Alabama,780.4,7.2,4.5286,70.2,4.25,144.5,3.0,23132.67,20.3,1077.1043771043771,259.54785954785956
1994,Alabama,683.7,6.2,4.4714,68.5,4.25,148.2,2.6,23753.53,18.9,1165.8251964753513,253.4889259347464
1995,Alabama,632.4,5.9,4.4143,70.1,4.25,152.4,2.8,24705.66,18.0,1252.9370134465676,275.23000707714084
1996,Alabama,565.4,5.2,4.3571,71.0,4.25,156.9,2.9,25913.9,16.8,1366.96261682243,254.46261682242988
1997,Alabama,564.5,4.9,4.3,71.3,4.75,160.5,2.3,27426.0,15.9,1462.0226799352001,264.4758157833835
1998,Alabama,512.1,4.5,4.2,72.9,5.15,163.0,1.6,28861.44,14.6,1533.7153334861334,320.5592482236992
1999,Alabama,490.2,4.7,4.1,74.8,5.15,166.6,2.2,30469.84,14.4,1641.5891032917139,335.5732122587968
2000,Alabama,486.2,4.6,4.0,73.2,5.15,172.2,3.4,32154.82,14.2,1758.7601078167115,333.6028751123091
2001,Alabama,438.2,5.2,4.0,73.2,5.15,177.1,2.8,32921.92,14.6,1812.7912186379926,403.22580645161287
2002,Alabama,445.0,5.9,3.9,73.7,5.15,179.9,1.6,33252.09,14.6,1875.782647584973,427.6162790697674
2003,Alabama,429.2,6.0,3.8,76.2,5.15,184.0,2.3,34064.95,14.8,1970.0512135381875,523.9144956579827
2004,Alabama,427.0,5.6,3.7,78.0,5.15,188.9,2.7,35648.55,14.8,2109.1976950354615,454.8537234042554
2005,Alabama,432.6,4.4,3.6,76.6,5.15,195.3,3.4,36952.94,14.7,2173.817381738174,280.0880088008801
2006,Alabama,425.2,4.0,3.7,74.2,5.15,201.6,3.2,38651.41,13.9,2374.010439321444,278.5123966942149
2007,Alabama,448.9,4.1,3.6,73.3,5.15,207.342,2.9,40405.48,14.1,2614.963346269944,296.83053040103493
2008,Alabama,452.8,5.8,3.5,73.0,5.85,215.303,3.8,41334.97,13.9,2822.044045328202,294.7188368612359
2009,Alabama,450.1,10.1,3.5,74.1,6.55,214.537,-0.4,40711.61,13.6,2867.169250371629,368.1673391378212
2010,Alabama,383.7,10.4,3.6,73.2,7.25,218.056,1.6,41673.83,13.5,2782.845800250732,482.8458002507314
2011,Alabama,419.8,9.6,3.6,72.9,7.25,224.939,3.2,42979.61,14.0,2799.0416666666665,478.47916666666663
2012,Alabama,450.3,8.2,3.4,71.9,7.25,229.594,2.1,44321.67,13.9,2872.472493253062,726.0120406892256
2013,Alabama,431.0,7.3,3.3,72.7,7.25,232.957,1.5,44888.16,14.3,3015.1903973509934,648.5513245033113
2014,Alabama,427.7,6.7,3.2,72.1,7.25,236.736,1.6,46481.52,14.7,2983.546655656482,655.3881090008257
2015,Alabama,473.0,6.1,3.1,70.0,7.25,237.017,0.1,48098.63,18.5,3047.971163748712,603.1101956745622
2016,Alabama,532.4,5.9,3.01,69.7,7.25,240.007,1.3,48642.15,17.2,2814.279843846312,588.8021368399425
2017,Alabama,522.4,4.6,2.9,70.0,7.25,245.12,2.1,50321.89,16.9,2903.362033620336,583.189831898319
2018,Alabama,523.1,3.9,2.9,70.3,7.25,251.107,2.4,52145.8,16.8,3024.427636958299,570.3597710547832
2019,Alabama,510.8,3.0,2.7,70.7,7.25,255.657,1.8,54099.99,15.6,3061.7766911165445,395.39527302363484
1984,Arizona,516.1,5.0,4.9778,65.2,3.35,103.9,4.3,16135.07,26.12,810.7084557623244,234.443356186745
1985,Arizona,602.5,6.4,4.9222,64.7,3.35,107.6,3.5,16822.51,25.14,891.6349809885932,255.6400506970849
1986,Arizona,658.3,7.0,4.8667,62.5,3.35,109.6,1.9,17321.82,24.38,1021.0332103321034,265.71340713407136
1987,Arizona,612.6,6.5,4.8111,63.3,3.35,113.6,3.7,18426.51,23.62,1095.971351835273,326.2608176663682
1988,Arizona,610.1,6.4,4.7556,66.1,3.35,118.3,4.1,19334.04,24.46,1156.385751520417,358.76049811757895
1989,Arizona,599.6,5.2,4.7,63.9,3.35,124.0,4.8,20099.55,25.28,1171.3803767219567,399.8875456845657
1990,Arizona,652.4,5.2,4.7,64.5,3.35,130.7,5.4,21027.98,26.32,1237.380627557981,478.1718963165075
1991,Arizona,670.7,5.8,4.6429,66.3,3.8,136.2,4.2,21811.6,26.5,1234.6082827749933,468.4515958849908
1992,Arizona,670.8,7.6,4.5857,69.3,4.25,140.3,3.0,22935.42,27.0,1250.4591836734694,271.91326530612247
1993,Arizona,715.0,6.4,4.5286,69.1,4.25,144.5,3.0,23132.67,27.66,1289.7878638381844,305.45140601874687
1994,Arizona,703.1,6.2,4.4714,67.7,4.25,148.2,2.6,23753.53,28.46,1277.4624373956594,296.4464583830193
1995,Arizona,713.5,5.3,4.4143,62.9,4.25,152.4,2.8,24705.66,28.65,1334.5479704797049,328.4132841328413
1996,Arizona,631.5,5.5,4.3571,62.0,4.25,156.9,2.9,25913.9,28.19,1390.211817168339,327.26867335562986
1997,Arizona,623.7,4.6,4.3,63.0,4.75,160.5,2.3,27426.0,27.57,1354.894351013368,293.10047434238896
1998,Arizona,577.9,4.3,4.2,64.3,5.15,163.0,1.6,28861.44,26.31,1381.2174275588911,270.7108609547634
1999,Arizona,551.1,4.5,4.1,66.3,5.15,166.6,2.2,30469.84,24.57,1518.2019754081837,222.13263454948597
2000,Arizona,531.7,4.0,4.0,68.0,5.15,172.2,3.4,32154.82,23.73,1545.790594155216,303.561060576737
2001,Arizona,540.3,4.7,4.0,68.1,5.15,177.1,2.8,32921.92,23.69,1608.5407239819006,345.1357466063348
2002,Arizona,554.5,6.2,3.9,65.6,5.15,179.9,1.6,33252.09,23.72,1638.6647101980925,268.8187820983125
2003,Arizona,513.3,5.8,3.8,67.0,5.15,184.0,2.3,34064.95,24.33,1704.578787336791,324.07440529422286
2004,Arizona,504.4,5.0,3.7,68.7,5.15,188.9,2.7,35648.55,24.7,1773.658621288418,352.0229206459455
2005,Arizona,512.0,4.7,3.6,71.1,5.15,195.3,3.4,36952.94,24.57,1845.3221757322176,334.29288702928875
2006,Arizona,542.6,4.3,3.7,71.6,5.15,201.6,3.2,38651.41,24.68,1931.1854005167957,325.2422480620155
2007,Arizona,518.0,3.8,3.6,70.4,6.75,207.342,2.9,40405.48,26.74,2068.3590066016973,377.1455517132977
2008,Arizona,485.6,5.8,3.5,69.1,6.9,215.303,3.8,41334.97,28.08,2195.291583320511,411.09401446376364
2009,Arizona,426.5,9.7,3.5,68.9,7.25,214.537,-0.4,40711.61,29.31,2159.020618556701,469.55730745906607
2010,Arizona,413.6,10.3,3.6,66.6,7.25,218.056,1.6,41673.83,30.87,2129.8423599188386,655.7827376307165
2011,Arizona,414.2,9.4,3.6,66.0,7.35,224.939,3.2,42979.61,32.62,2094.0058705391625,592.012976981307
2012,Arizona,428.6,8.3,3.4,65.3,7.65,229.594,2.1,44321.67,32.21,2086.866992068334,480.0793166564979
2013,Arizona,415.6,7.8,3.3,65.1,7.8,232.957,1.5,44888.16,33.12,2192.268274302939,411.89148455162024
2014,Arizona,392.7,6.8,3.2,63.5,7.9,236.736,1.6,46481.52,33.59,2264.4883410069806,423.8081093123422
2015,Arizona,410.2,6.1,3.1,61.7,8.05,237.017,0.1,48098.63,17.4,2057.8662373774328,541.0800526854969
2016,Arizona,471.0,5.5,3.01,61.9,8.05,240.007,1.3,48642.15,16.4,2118.2721382289415,544.1468682505399
2017,Arizona,505.7,4.9,2.9,64.4,10.0,245.12,2.1,50321.89,14.9,2169.4381384790013,579.8808172531214
2018,Arizona,475.7,4.8,2.9,65.7,10.5,251.107,2.4,52145.8,14.1,2229.103852596315,586.711334450028
2019,Arizona,455.3,4.9,2.7,65.8,12.0,255.657,1.8,54099.99,13.5,2038.5490948985191,583.6121777290181
1984,Arkansas,321.4,8.5,4.9778,65.9,3.35,103.9,4.3,16135.07,28.2,604.9307958477509,267.73356401384086
1985,Arkansas,347.6,8.5,4.9222,66.6,3.35,107.6,3.5,16822.51,27.5,739.4736842105262,280.0690250215703
1986,Arkansas,394.8,8.5,4.8667,67.5,3.35,109.6,1.9,17321.82,26.9,811.9139784946236,297.2043010752688
1987,Arkansas,412.0,8.1,4.8111,68.1,3.35,113.6,3.7,18426.51,26.1,816.7310167310168,319.8198198198198
1988,Arkansas,422.7,7.7,4.7556,67.0,3.35,118.3,4.1,19334.04,25.0,842.9854576561163,319.803250641574
1989,Arkansas,473.7,7.1,4.7,66.3,3.35,124.0,4.8,20099.55,23.6,876.1518771331058,348.67747440273035
1990,Arkansas,532.2,6.8,4.7,67.8,3.35,130.7,5.4,21027.98,23.1,928.5835814547002,422.50106337728624
1991,Arkansas,593.3,7.3,4.6429,68.6,3.8,136.2,4.2,21811.6,22.9,981.8563628727427,502.72994540109204
1992,Arkansas,576.5,7.0,4.5857,70.3,4.25,140.3,3.0,22935.42,21.4,1097.0149253731345,265.0497512437811
1993,Arkansas,593.3,6.1,4.5286,70.5,4.25,144.5,3.0,23132.67,19.8,1149.8976668031107,288.5796152271797
1994,Arkansas,595.1,5.4,4.4714,68.1,4.25,148.2,2.6,23753.53,19.1,1122.5050505050503,265.979797979798
1995,Arkansas,553.2,4.9,4.4143,67.2,4.25,152.4,2.8,24705.66,18.6,1178.7395293179097,308.01755085759874
1996,Arkansas,524.3,5.2,4.3571,66.6,4.25,156.9,2.9,25913.9,16.4,1270.657739267428,302.3237495076802
1997,Arkansas,526.9,5.1,4.3,66.7,4.75,160.5,2.3,27426.0,15.7,1357.8538102643856,303.6936236391913
1998,Arkansas,490.2,5.1,4.2,66.7,5.15,163.0,1.6,28861.44,15.8,1455.2187260168841,279.66231772831924
1999,Arkansas,425.2,4.5,4.1,65.6,5.15,166.6,2.2,30469.84,15.7,1528.6851079954529,290.8677529367185
2000,Arkansas,445.3,4.2,4.0,68.9,5.15,172.2,3.4,32154.82,15.5,1583.831217326363,283.71919342793126
2001,Arkansas,452.4,4.8,4.0,71.2,5.15,177.1,2.8,32921.92,16.0,1710.0334448160536,390.3753251579339
2002,Arkansas,425.0,5.3,3.9,70.3,5.15,179.9,1.6,33252.09,15.8,1789.0203327171905,396.5249537892791
2003,Arkansas,456.4,5.8,3.8,69.6,5.15,184.0,2.3,34064.95,15.3,1898.5672299779574,468.626010286554
2004,Arkansas,502.3,5.6,3.7,69.1,5.15,188.9,2.7,35648.55,14.9,2010.8521485797523,401.3838310269483
2005,Arkansas,528.5,5.3,3.6,69.2,5.15,195.3,3.4,36952.94,13.1,2132.8530259366,334.61815561959656
2006,Arkansas,552.8,5.2,3.7,70.8,5.15,201.6,3.2,38651.41,12.6,2282.8063943161637,343.87211367673183
2007,Arkansas,537.1,5.4,3.6,69.5,6.25,207.342,2.9,40405.48,13.0,2407.98733286418,371.8156228008445
2008,Arkansas,513.0,5.4,3.5,68.9,6.25,215.303,3.8,41334.97,13.1,2468.479776847978,395.7461645746165
2009,Arkansas,515.8,7.7,3.5,68.5,6.55,214.537,-0.4,40711.61,13.5,2579.4392523364486,439.8407753547941
2010,Arkansas,503.5,7.9,3.6,67.9,7.25,218.056,1.6,41673.83,15.3,2739.459274469541,657.1184120465434
2011,Arkansas,482.3,7.9,3.6,67.6,7.25,224.939,3.2,42979.61,15.3,2897.551853111187,589.6633798027882
2012,Arkansas,469.6,7.3,3.4,66.0,7.25,229.594,2.1,44321.67,15.7,2809.312563494751,505.9261767693871
2013,Arkansas,463.2,7.1,3.3,65.4,7.25,232.957,1.5,44888.16,16.2,2771.6554054054054,458.44594594594594
2014,Arkansas,480.2,5.9,3.2,65.4,7.25,236.736,1.6,46481.52,14.9,2757.2920175143145,470.8992926911418
2015,Arkansas,529.5,5.0,3.1,67.1,7.5,237.017,0.1,48098.63,18.7,2764.362416107382,389.496644295302
2016,Arkansas,554.3,4.0,3.01,67.6,8.0,240.007,1.3,48642.15,17.2,2826.303475935829,361.5975935828877
2017,Arkansas,566.0,3.7,2.9,65.0,8.5,245.12,2.1,50321.89,16.3,2800.7656458055926,332.75632490013317
2018,Arkansas,561.6,3.7,2.9,64.7,8.5,251.107,2.4,52145.8,16.8,2916.600265604249,326.3612217795485
2019,Arkansas,584.6,3.5,2.7,65.3,9.25,255.657,1.8,54099.99,16.0,2910.327706057597,330.4203905991394
1984,Colorado,457.8,5.5,4.9778,64.7,3.35,103.9,4.3,16135.07,17.2,891.7898193760263,350.0492610837439
1985,Colorado,471.0,6.0,4.9222,63.6,3.35,107.6,3.5,16822.51,17.3,946.1114711600777,360.07777057679846
1986,Colorado,523.6,7.5,4.8667,63.7,3.35,109.6,1.9,17321.82,18.0,1004.8624440179143,391.26679462571974
1987,Colorado,467.5,7.5,4.8111,61.8,3.35,113.6,3.7,18426.51,18.6,1092.863909062204,469.56109883170194
1988,Colorado,472.6,6.4,4.7556,60.1,3.35,118.3,4.1,19334.04,19.3,1114.7397943284511,442.1626674976628
1989,Colorado,471.4,5.6,4.7,58.6,3.35,124.0,4.8,20099.55,18.7,1115.6211562115623,454.79704797047975
1990,Colorado,526.0,5.1,4.7,59.0,3.35,130.7,5.4,21027.98,17.8,1238.9799635701274,493.5336976320583
1991,Colorado,559.3,5.3,4.6429,59.8,3.8,136.2,4.2,21811.6,16.1,1298.935855749335,539.5211350872007
1992,Colorado,578.8,6.1,4.5857,60.9,4.25,140.3,3.0,22935.42,15.2,1360.4892086330935,309.81294964028774
1993,Colorado,567.3,5.4,4.5286,61.8,4.25,144.5,3.0,23132.67,13.5,1408.153544410199,321.04230876996354
1994,Colorado,509.6,4.2,4.4714,62.9,4.25,148.2,2.6,23753.53,12.9,1394.1609822646658,334.5975443383356
1995,Colorado,440.2,4.0,4.4143,64.6,4.25,152.4,2.8,24705.66,11.8,1534.2454835281615,359.45802337938363
1996,Colorado,404.5,4.2,4.3571,64.5,4.25,156.9,2.9,25913.9,11.3,1596.585618210036,385.5664769787894
1997,Colorado,363.2,3.4,4.3,64.1,4.75,160.5,2.3,27426.0,11.1,1657.7436414001509,403.5255603122639
1998,Colorado,377.9,3.6,4.2,65.2,5.15,163.0,1.6,28861.44,11.5,1706.1549779303577,368.93084845512504
1999,Colorado,340.5,3.0,4.1,68.1,5.15,166.6,2.2,30469.84,11.2,1760.6494746895894,413.53868194842414
2000,Colorado,334.0,2.7,4.0,68.3,5.15,172.2,3.4,32154.82,12.0,1856.5388170055453,378.5351201478743
2001,Colorado,349.6,3.8,4.0,68.5,5.15,177.1,2.8,32921.92,12.6,1938.5968869839837,469.7044890593277
2002,Colorado,352.9,5.7,3.9,68.9,5.15,179.9,1.6,33252.09,12.8,2036.745115452931,486.47868561278864
2003,Colorado,346.5,6.1,3.8,71.3,5.15,184.0,2.3,34064.95,12.9,2109.738404044845,622.2466476148603
2004,Colorado,372.0,5.6,3.7,71.1,5.15,188.9,2.7,35648.55,12.7,2155.152173913044,474.8913043478261
2005,Colorado,396.7,5.1,3.6,71.0,5.15,195.3,3.4,36952.94,12.6,2212.4222269899165,442.8448830723021
2006,Colorado,395.4,4.2,3.7,70.1,5.15,201.6,3.2,38651.41,12.4,2342.92026088786,436.31390700610143
2007,Colorado,351.8,3.7,3.6,70.2,6.85,207.342,2.9,40405.48,12.9,2428.19083023544,463.610078479967
2008,Colorado,353.9,4.9,3.5,69.0,7.02,215.303,3.8,41334.97,12.8,2612.3809523809527,508.6930091185411
2009,Colorado,338.8,7.9,3.5,68.4,7.28,214.537,-0.4,40711.61,13.3,2589.2139303482586,589.9104477611941
2010,Colorado,323.7,9.2,3.6,68.5,7.25,218.056,1.6,41673.83,13.4,2665.8874801901743,852.6545166402535
2011,Colorado,314.4,8.7,3.6,65.9,7.36,224.939,3.2,42979.61,13.3,2628.2116360796567,841.1948457633738
2012,Colorado,307.4,8.0,3.4,65.3,7.64,229.594,2.1,44321.67,13.2,2595.7450904890256,736.9272237196766
2013,Colorado,305.4,6.7,3.3,64.4,7.78,232.957,1.5,44888.16,12.9,2608.2527034718273,618.9148169227851
2014,Colorado,307.8,5.0,3.2,65.0,8.0,236.736,1.6,46481.52,12.6,2770.8201008780125,582.0474500280217
2015,Colorado,318.4,3.7,3.1,63.6,8.23,237.017,0.1,48098.63,11.5,2864.3931059772644,549.8899889988999
2016,Colorado,344.1,3.1,3.01,62.4,8.31,240.007,1.3,48642.15,11.0,2997.9256854256855,548.502886002886
2017,Colorado,372.2,2.6,2.9,63.7,9.3,245.12,2.1,50321.89,10.3,3155.8127114117856,556.63165390778
2018,Colorado,401.5,3.0,2.9,64.4,10.2,251.107,2.4,52145.8,9.7,3336.8088467614534,545.07635597683
2019,Colorado,381.0,2.7,2.7,64.7,12.0,255.657,1.8,54099.99,9.4,3236.332059742966,513.5984716915596
1984,Connecticut,393.8,4.7,4.9778,67.8,3.37,103.9,4.3,16135.07,10.8,695.4373820012586,420.2013845185652
1985,Connecticut,402.0,4.4,4.9222,69.0,3.37,107.6,3.5,16822.51,10.8,751.9399249061325,435.73216520650806
1986,Connecticut,425.8,3.8,4.8667,68.1,3.37,109.6,1.9,17321.82,9.6,758.7429993777224,471.87305538270067
1987,Connecticut,419.0,3.1,4.8111,67.0,3.37,113.6,3.7,18426.51,8.7,904.7648514851484,503.6200495049505
1988,Connecticut,455.4,2.9,4.7556,66.5,3.75,118.3,4.1,19334.04,8.8,1032.7076923076925,544.4615384615385
1989,Connecticut,511.8,3.6,4.7,66.4,3.75,124.0,4.8,20099.55,9.1,1186.142551238911,639.3392474762924
1990,Connecticut,553.7,4.9,4.7,67.9,3.75,130.7,5.4,21027.98,8.9,1266.5652570733191,759.8722239123821
1991,Connecticut,539.7,6.5,4.6429,65.5,4.25,136.2,4.2,21811.6,10.1,1343.1342831160957,934.9802970597151
1992,Connecticut,495.3,7.3,4.5857,66.1,4.27,140.3,3.0,22935.42,12.0,1485.6495468277944,663.7462235649547
1993,Connecticut,456.2,6.5,4.5286,64.5,4.27,144.5,3.0,23132.67,12.4,1453.7627934978927,701.1739915713426
1994,Connecticut,455.5,5.6,4.4714,63.8,4.27,148.2,2.6,23753.53,13.4,1498.0803839232153,708.4283143371326
1995,Connecticut,405.9,5.3,4.4143,68.2,4.27,152.4,2.8,24705.66,13.9,1540.436341900777,701.9127316198445
1996,Connecticut,412.0,5.2,4.3571,69.0,4.27,156.9,2.9,25913.9,13.7,1617.6295413936866,592.6146515783204
1997,Connecticut,390.9,4.7,4.3,68.1,4.77,160.5,2.3,27426.0,12.7,1635.7270029673589,557.1216617210682
1998,Connecticut,366.3,3.2,4.2,69.3,5.18,163.0,1.6,28861.44,12.5,1645.1803666469543,523.8616203429923
1999,Connecticut,345.6,2.5,4.1,69.1,5.18,166.6,2.2,30469.84,11.5,1862.3158515026516,524.5138479670006
2000,Connecticut,324.7,2.1,4.0,70.0,6.15,172.2,3.4,32154.82,11.3,2002.6084407971864,518.6107854630716
2001,Connecticut,334.6,2.9,4.0,71.8,6.4,177.1,2.8,32921.92,11.1,2219.1948658109686,568.6114352392066
2002,Connecticut,312.5,4.4,3.9,71.5,6.7,179.9,1.6,33252.09,11.1,2316.6763341067285,611.0498839907193
2003,Connecticut,316.8,5.5,3.8,73.0,6.9,184.0,2.3,34064.95,11.2,2529.6136101499424,739.878892733564
2004,Connecticut,289.0,5.1,3.7,71.7,7.1,188.9,2.7,35648.55,11.5,2555.3093525179856,740.0
2005,Connecticut,272.6,4.8,3.6,70.5,7.1,195.3,3.4,36952.94,11.7,2671.5846994535523,690.4515386827725
2006,Connecticut,299.7,4.4,3.7,71.1,7.4,201.6,3.2,38651.41,11.7,2893.400286944046,704.8493543758967
2007,Connecticut,301.1,4.5,3.6,70.3,7.65,207.342,2.9,40405.48,11.5,3103.3533963886503,748.0366867297221
2008,Connecticut,306.7,5.6,3.5,70.7,7.65,215.303,3.8,41334.97,11.4,3223.151584356266,784.870111333143
2009,Connecticut,300.9,8.3,3.5,70.5,8.0,214.537,-0.4,40711.61,11.3,3370.3808982376354,967.1972711768051
2010,Connecticut,282.0,9.6,3.6,70.8,8.25,218.056,1.6,41673.83,11.3,3276.1944677284155,1322.54819782062
2011,Connecticut,275.7,9.0,3.6,70.6,8.25,224.939,3.2,42979.61,11.6,3293.758707160769,1283.7837837837837
2012,Connecticut,283.5,8.4,3.4,68.8,8.25,229.594,2.1,44321.67,11.8,3333.435326842837,1072.3226703755215
2013,Connecticut,262.2,8.0,3.3,68.5,8.25,232.957,1.5,44888.16,12.0,3374.1657397107897,982.7030033370412
2014,Connecticut,238.5,6.6,3.2,67.4,8.7,236.736,1.6,46481.52,11.7,3538.793103448276,956.8131256952169
2015,Connecticut,221.4,5.6,3.1,66.5,9.15,237.017,0.1,48098.63,10.6,3691.251044859292,788.3254388409028
2016,Connecticut,227.7,4.8,3.01,64.2,9.6,240.007,1.3,48642.15,9.9,3858.3240223463686,820.0558659217877
2017,Connecticut,229.2,4.4,2.9,66.1,10.1,245.12,2.1,50321.89,9.7,3817.426573426573,783.7482517482517
2018,Connecticut,209.6,3.9,2.9,65.3,10.1,251.107,2.4,52145.8,10.3,3848.5314685314684,744.9230769230769
2019,Connecticut,183.6,3.6,2.7,64.3,11.0,255.657,1.8,54099.99,9.9,4275.771172181716,770.3028603477286
1984,Florida,868.0,6.6,4.9778,66.5,3.35,103.9,4.3,16135.07,22.5,630.130084279956,173.11286185415904
1985,Florida,941.1,6.1,4.9222,67.2,3.35,107.6,3.5,16822.51,21.5,688.369400659008,198.218897497551
1986,Florida,1036.5,5.8,4.8667,66.5,3.35,109.6,1.9,17321.82,20.7,721.753808864266,210.63885041551248
1987,Florida,1024.4,5.4,4.8111,66.3,3.35,113.6,3.7,18426.51,19.5,771.0787613598114,226.4809828340626
1988,Florida,1117.7,5.2,4.7556,64.9,3.35,118.3,4.1,19334.04,19.2,828.0245398773006,248.43353783231083
1989,Florida,1109.4,5.6,4.7,64.4,3.35,124.0,4.8,20099.55,19.3,931.0248866979407,295.30889719328934
1990,Florida,1244.3,6.2,4.7,65.1,3.35,130.7,5.4,21027.98,19.8,1049.2270830112845,356.40748183645076
1991,Florida,1184.3,7.6,4.6429,66.1,3.8,136.2,4.2,21811.6,20.3,1135.3337369456635,451.03677917360375
1992,Florida,1207.2,8.4,4.5857,66.0,4.25,140.3,3.0,22935.42,20.6,1106.2532414610655,271.91227680225234
1993,Florida,1206.0,7.4,4.5286,65.5,4.25,144.5,3.0,23132.67,20.7,1096.0972071091767,293.993471164309
1994,Florida,1146.8,6.5,4.4714,65.7,4.25,148.2,2.6,23753.53,20.6,1080.7869877121955,227.82868101427655
1995,Florida,1071.0,5.6,4.4143,66.6,4.25,152.4,2.8,24705.66,20.3,1230.6954102920724,286.87760778859524
1996,Florida,1051.0,5.3,4.3571,67.1,4.25,156.9,2.9,25913.9,19.3,1244.8355688704298,272.0909647988017
1997,Florida,1023.6,4.9,4.3,66.9,4.75,160.5,2.3,27426.0,18.7,1268.3021131924538,275.0749950003333
1998,Florida,938.7,4.4,4.2,66.9,5.15,163.0,1.6,28861.44,17.5,1303.2112786371647,239.58618889106455
1999,Florida,854.0,3.9,4.1,67.6,5.15,166.6,2.2,30469.84,17.0,1382.8476482617586,238.59279141104295
2000,Florida,812.0,3.8,4.0,68.4,5.15,172.2,3.4,32154.82,16.3,1442.1885710724746,219.24970399451612
2001,Florida,798.3,4.4,4.0,69.2,5.15,177.1,2.8,32921.92,16.0,1515.433533080592,343.64681423504953
2002,Florida,771.2,4.9,3.9,68.7,5.15,179.9,1.6,33252.09,15.4,1569.910071942446,307.44604316546764
2003,Florida,731.1,4.5,3.8,69.5,5.15,184.0,2.3,34064.95,15.2,1661.49225605088,389.06424827748657
2004,Florida,711.8,3.8,3.7,72.2,5.15,188.9,2.7,35648.55,14.8,1720.253237410072,326.57266187050357
2005,Florida,708.9,2.9,3.6,72.4,5.15,195.3,3.4,36952.94,14.6,1833.4176788124157,458.95748987854256
2006,Florida,716.4,2.5,3.7,72.4,6.4,201.6,3.2,38651.41,14.8,1987.2685057217093,441.73807286196035
2007,Florida,722.6,3.3,3.6,71.8,6.67,207.342,2.9,40405.48,15.9,2192.6086005033376,388.11686180107233
2008,Florida,688.9,5.7,3.5,71.1,6.79,215.303,3.8,41334.97,17.1,2278.8156752062528,406.7683456361268
2009,Florida,612.5,9.6,3.5,70.9,7.21,214.537,-0.4,40711.61,17.7,2163.7447405329594,474.3553781421944
2010,Florida,541.3,10.8,3.6,69.3,7.25,218.056,1.6,41673.83,18.7,2069.8238352966146,687.7799002440836
2011,Florida,514.6,10.0,3.6,69.0,7.25,224.939,3.2,42979.61,19.2,2063.8643996641476,643.2357262804366
2012,Florida,487.0,8.6,3.4,67.0,7.67,229.594,2.1,44321.67,19.6,1969.6404517666563,495.7672780022795
2013,Florida,469.3,7.5,3.3,66.1,7.79,232.957,1.5,44888.16,19.9,1946.020867430442,441.62745499181676
2014,Florida,458.9,6.4,3.2,64.9,7.93,236.736,1.6,46481.52,20.0,1960.577213659716,424.50891508008465
2015,Florida,462.5,5.5,3.1,64.8,8.05,237.017,0.1,48098.63,15.8,1991.730550472328,319.11073742519415
2016,Florida,429.4,4.9,3.01,64.3,8.05,240.007,1.3,48642.15,14.8,2039.4870800407234,294.55567944926554
2017,Florida,408.1,4.2,2.9,64.1,8.1,245.12,2.1,50321.89,14.1,2067.0353244029175,290.32273442341614
2018,Florida,385.9,3.6,2.9,65.5,8.25,251.107,2.4,52145.8,13.7,2136.3537991060925,304.0131733709716
2019,Florida,378.4,3.3,2.7,66.0,8.56,255.657,1.8,54099.99,12.7,2171.7383212358086,265.9687325516471
1984,Idaho,235.3,7.2,4.9778,69.7,3.35,103.9,4.3,16135.07,22.4,665.015479876161,235.60371517027866
1985,Idaho,234.8,7.8,4.9222,71.0,3.35,107.6,3.5,16822.51,22.8,738.8717948717949,265.12820512820514
1986,Idaho,222.5,8.4,4.8667,69.8,3.35,109.6,1.9,17321.82,22.1,788.6850152905199,275.94291539245665
1987,Idaho,214.2,7.7,4.8111,71.6,3.35,113.6,3.7,18426.51,21.3,836.5754812563324,296.9604863221885
1988,Idaho,234.7,6.2,4.7556,71.5,3.35,118.3,4.1,19334.04,21.0,836.4185110663984,315.6941649899397
1989,Idaho,254.6,5.5,4.7,70.2,3.35,124.0,4.8,20099.55,19.3,909.6,345.2
1990,Idaho,275.7,5.6,4.7,69.4,3.35,130.7,5.4,21027.98,18.7,1002.4826216484608,361.5690168818273
1991,Idaho,290.3,6.3,4.6429,68.4,3.8,136.2,4.2,21811.6,18.2,1123.449612403101,423.15891472868213
1992,Idaho,281.4,6.5,4.5857,70.3,4.25,140.3,3.0,22935.42,17.8,1193.5788479697828,259.39565627950896
1993,Idaho,281.8,6.1,4.5286,72.1,4.25,144.5,3.0,23132.67,17.0,1194.8387096774195,277.9723502304148
1994,Idaho,285.8,5.5,4.4714,70.7,4.25,148.2,2.6,23753.53,15.9,1284.0970350404314,278.25696316262355
1995,Idaho,322.0,5.5,4.4143,72.0,4.25,152.4,2.8,24705.66,15.1,1466.432953549518,334.00525854513586
1996,Idaho,267.2,5.4,4.3571,71.4,4.25,156.9,2.9,25913.9,14.7,1561.6239316239316,324.01709401709405
1997,Idaho,256.8,5.2,4.3,72.3,4.75,160.5,2.3,27426.0,14.5,1560.25,324.83333333333337
1998,Idaho,282.2,5.2,4.2,72.6,5.15,163.0,1.6,28861.44,14.2,1586.1900893582451,305.1177904142973
1999,Idaho,244.9,5.0,4.1,70.3,5.15,166.6,2.2,30469.84,13.6,1624.0887480190174,293.8193343898574
2000,Idaho,252.5,4.7,4.0,70.5,5.15,172.2,3.4,32154.82,13.0,1658.4615384615383,282.46153846153845
2001,Idaho,243.1,5.1,4.0,71.7,5.15,177.1,2.8,32921.92,12.3,1756.4723694171084,361.84708554125666
2002,Idaho,254.6,5.6,3.9,73.0,5.15,179.9,1.6,33252.09,11.0,1826.6766020864382,382.6378539493293
2003,Idaho,245.9,5.6,3.8,74.4,5.15,184.0,2.3,34064.95,10.0,1854.1788856304984,445.82111436950146
2004,Idaho,247.4,4.9,3.7,73.7,5.15,188.9,2.7,35648.55,9.6,1918.7500000000002,391.0919540229885
2005,Idaho,256.8,4.0,3.6,74.2,5.15,195.3,3.4,36952.94,9.2,1975.9467040673212,330.2945301542777
2006,Idaho,250.0,3.4,3.7,75.1,5.15,201.6,3.2,38651.41,9.5,1992.964480874317,316.25683060109293
2007,Idaho,256.2,3.1,3.6,74.5,5.15,207.342,2.9,40405.48,10.1,2008.7391594396263,327.7518345563709
2008,Idaho,241.5,5.0,3.5,75.0,5.85,215.303,3.8,41334.97,10.7,2102.6832460732985,375.9816753926701
2009,Idaho,246.2,8.7,3.5,75.5,6.55,214.537,-0.4,40711.61,11.2,2166.170763260026,525.2263906856404
2010,Idaho,220.5,8.8,3.6,72.4,7.25,218.056,1.6,41673.83,11.5,2129.535327816677,707.511139401655
2011,Idaho,202.2,8.2,3.6,72.4,7.25,224.939,3.2,42979.61,11.4,2007.070707070707,627.1464646464646
2012,Idaho,209.8,7.4,3.4,73.0,7.25,229.594,2.1,44321.67,11.2,1956.641604010025,682.2681704260652
2013,Idaho,215.2,6.8,3.3,71.5,7.25,232.957,1.5,44888.16,10.7,1989.6401985111663,610.2357320099255
2014,Idaho,210.4,4.4,3.2,69.6,7.25,236.736,1.6,46481.52,10.5,1984.1299019607843,675.796568627451
2015,Idaho,217.4,3.9,3.1,70.0,7.25,237.017,0.1,48098.63,14.7,1982.9401088929221,509.9213551119177
2016,Idaho,230.7,3.7,3.01,70.5,7.25,240.007,1.3,48642.15,13.8,2028.206650831354,379.3349168646081
2017,Idaho,239.2,3.2,2.9,69.9,7.25,245.12,2.1,50321.89,12.6,2109.5348837209303,389.593023255814
2018,Idaho,239.7,2.8,2.9,69.2,7.25,251.107,2.4,52145.8,11.7,2231.906392694064,387.8424657534247
2019,Idaho,223.8,2.8,2.7,70.6,7.25,255.657,1.8,54099.99,11.0,2208.328675237563,401.6210173281163
1984,Iowa,198.7,7.0,4.9778,71.3,3.35,103.9,4.3,16135.07,19.4,870.7487753673897,337.2288313505948
1985,Iowa,211.7,7.4,4.9222,69.9,3.35,107.6,3.5,16822.51,19.3,920.4641350210971,358.6497890295359
1986,Iowa,235.1,6.8,4.8667,69.2,3.35,109.6,1.9,17321.82,18.1,956.9056870363829,389.3677145884846
1987,Iowa,231.2,5.6,4.8111,67.7,3.35,113.6,3.7,18426.51,16.9,1010.7561235356762,382.32161874334395
1988,Iowa,256.8,4.7,4.7556,68.3,3.35,118.3,4.1,19334.04,15.0,1098.2881597717546,383.9871611982882
1989,Iowa,266.3,4.3,4.7,69.6,3.35,124.0,4.8,20099.55,14.4,1192.1505376344085,405.59139784946234
1990,Iowa,299.7,4.4,4.7,70.7,3.35,130.7,5.4,21027.98,13.8,1254.7713359740726,500.0
1991,Iowa,303.3,4.7,4.6429,68.4,4.25,136.2,4.2,21811.6,13.8,1343.676101755643,540.7739161590828
1992,Iowa,278.0,4.5,4.5857,66.3,4.65,140.3,3.0,22935.42,13.6,1380.0427655024946,355.02494654312187
1993,Iowa,325.5,4.1,4.5286,68.2,4.65,144.5,3.0,23132.67,13.7,1467.1393123006026,366.0404112017015
1994,Iowa,315.1,3.6,4.4714,70.1,4.65,148.2,2.6,23753.53,12.9,1518.0888575458393,365.12693935119887
1995,Iowa,354.4,3.5,4.4143,71.4,4.65,152.4,2.8,24705.66,11.9,1572.6061031217116,411.11890564714133
1996,Iowa,272.5,3.6,4.3571,72.8,4.65,156.9,2.9,25913.9,10.9,1644.3824145150036,393.8241451500349
1997,Iowa,310.0,3.1,4.3,72.7,4.75,160.5,2.3,27426.0,9.9,1730.1631377993754,400.5900728913572
1998,Iowa,311.5,2.8,4.2,72.1,5.15,163.0,1.6,28861.44,9.1,1914.7444751381217,368.5773480662984
1999,Iowa,280.0,2.7,4.1,73.9,5.15,166.6,2.2,30469.84,8.6,1986.7055994503608,379.1480590862247
2000,Iowa,266.4,2.7,4.0,75.2,5.15,172.2,3.4,32154.82,8.6,2068.9549180327867,396.0724043715847
2001,Iowa,268.2,3.3,4.0,76.6,5.15,177.1,2.8,32921.92,8.5,2150.4609081597814,481.22226015705024
2002,Iowa,285.7,4.0,3.9,73.9,5.15,179.9,1.6,33252.09,9.0,2241.242744964152,513.3492659610789
2003,Iowa,277.9,4.4,3.8,73.4,5.15,184.0,2.3,34064.95,9.2,2305.5574497101943,570.508012274122
2004,Iowa,287.8,4.5,3.7,73.2,5.15,188.9,2.7,35648.55,9.5,2419.3131587895273,443.1145868752126
2005,Iowa,293.3,4.3,3.6,73.9,5.15,195.3,3.4,36952.94,9.1,2506.8836893862326,432.0108511359783
2006,Iowa,285.7,3.7,3.7,74.0,5.15,201.6,3.2,38651.41,8.7,2663.697705802969,438.46153846153845
2007,Iowa,300.2,3.7,3.6,73.7,5.15,207.342,2.9,40405.48,8.2,2757.4018126888213,431.3528029540114
2008,Iowa,288.1,4.1,3.5,74.0,7.25,215.303,3.8,41334.97,7.7,2948.931195724783,451.8370073480293
2009,Iowa,282.1,6.4,3.5,72.4,7.25,214.537,-0.4,40711.61,7.7,3112.134308510638,563.9627659574469
2010,Iowa,268.5,6.1,3.6,71.1,7.25,218.056,1.6,41673.83,7.8,3083.6119305145853,752.7040314650934
2011,Iowa,257.3,5.6,3.6,71.2,7.25,224.939,3.2,42979.61,8.3,3181.969351157483,664.7212259537007
2012,Iowa,265.6,5.1,3.4,70.2,7.25,229.594,2.1,44321.67,8.7,3229.021774455639,570.4257393565161
2013,Iowa,273.0,4.7,3.3,69.8,7.25,232.957,1.5,44888.16,9.0,3267.4531351001942,518.0349062702004
2014,Iowa,272.8,4.2,3.2,69.4,7.25,236.736,1.6,46481.52,9.3,3399.5821279331403,543.1051108968177
2015,Iowa,276.1,3.7,3.1,68.8,7.25,237.017,0.1,48098.63,12.1,3515.337816202369,474.5757284662183
2016,Iowa,292.9,3.6,3.01,70.0,7.25,240.007,1.3,48642.15,11.7,3558.1870411745927,487.1050111714012
2017,Iowa,287.5,3.1,2.9,70.0,7.25,245.12,2.1,50321.89,10.8,3564.5992366412215,481.5839694656488
2018,Iowa,263.7,2.6,2.9,68.9,7.25,251.107,2.4,52145.8,11.2,3595.1428571428573,460.8253968253968
2019,Iowa,266.6,2.8,2.7,69.5,7.25,255.657,1.8,54099.99,11.0,3592.183544303797,453.03797468354423
1984,Kentucky,277.8,9.1,4.9778,70.2,3.35,103.9,4.3,16135.07,23.7,623.0727322255517,326.94088804140563
1985,Kentucky,305.5,9.0,4.9222,68.5,3.35,107.6,3.5,16822.51,24.3,663.626463381432,340.02178056084944
1986,Kentucky,334.4,9.2,4.8667,68.1,3.35,109.6,1.9,17321.82,24.5,706.748299319728,357.5510204081633
1987,Kentucky,337.8,8.3,4.8111,67.6,3.35,113.6,3.7,18426.51,23.7,735.6443719412724,375.01359434475256
1988,Kentucky,330.1,7.5,4.7556,65.4,3.35,118.3,4.1,19334.04,22.8,822.0380434782608,405.7880434782608
1989,Kentucky,356.9,6.4,4.7,64.9,3.35,124.0,4.8,20099.55,22.5,851.751289709476,455.95981536790663
1990,Kentucky,390.4,6.0,4.7,65.8,3.35,130.7,5.4,21027.98,22.3,927.1099050203528,486.67571234735414
1991,Kentucky,438.0,7.3,4.6429,67.2,3.8,136.2,4.2,21811.6,22.3,1023.7429416509815,651.1696692659317
1992,Kentucky,535.5,6.9,4.5857,69.0,4.25,140.3,3.0,22935.42,22.3,1080.5540756526373,355.99360681939265
1993,Kentucky,462.7,6.2,4.5286,68.76,4.25,144.5,3.0,23132.67,21.0,1110.76801266825,346.7669569807337
1994,Kentucky,444.0,5.4,4.4714,70.6,4.25,148.2,2.6,23753.53,19.8,1174.7646443514645,304.3410041841004
1995,Kentucky,364.7,5.4,4.4143,71.2,4.25,152.4,2.8,24705.66,18.3,1248.535890126976,343.01632547292047
1996,Kentucky,320.5,5.4,4.3571,73.2,4.25,156.9,2.9,25913.9,16.3,1387.5481386392812,311.65596919127086
1997,Kentucky,316.9,5.2,4.3,75.0,4.75,160.5,2.3,27426.0,14.9,1376.4436530145001,308.54744339862634
1998,Kentucky,328.0,4.5,4.2,75.1,5.15,163.0,1.6,28861.44,14.2,1420.8417338709676,305.3931451612903
1999,Kentucky,308.3,4.5,4.1,73.9,5.15,166.6,2.2,30469.84,13.7,1509.737827715356,319.3008739076155
2000,Kentucky,294.5,4.1,4.0,73.4,5.15,172.2,3.4,32154.82,13.3,1587.1326253395898,339.96048407014075
2001,Kentucky,258.3,5.2,4.0,73.9,5.15,177.1,2.8,32921.92,13.4,1642.0742197100026,459.4986483165397
2002,Kentucky,271.4,5.8,3.9,73.7,5.15,179.9,1.6,33252.09,13.8,1693.2534832559277,433.5614764116353
2003,Kentucky,248.5,6.2,3.8,74.4,5.15,184.0,2.3,34064.95,14.1,1783.8553046856034,498.17916970138384
2004,Kentucky,245.1,5.5,3.7,73.3,5.15,188.9,2.7,35648.55,14.2,1890.6460945033753,450.0964320154292
2005,Kentucky,266.8,5.9,3.6,71.6,5.15,195.3,3.4,36952.94,15.2,2076.0879961740793,432.7116212338593
2006,Kentucky,270.1,5.7,3.7,71.7,5.15,201.6,3.2,38651.41,15.4,2195.75728845698,421.4979853045745
2007,Kentucky,290.7,5.4,3.6,72.9,5.15,207.342,2.9,40405.48,14.7,2309.093045112782,451.8796992481203
2008,Kentucky,297.2,6.5,3.5,72.8,5.85,215.303,3.8,41334.97,14.5,2509.0018656716416,450.6063432835821
2009,Kentucky,255.0,10.8,3.5,71.2,6.55,214.537,-0.4,40711.61,14.1,2502.0398701900785,583.1247102457116
2010,Kentucky,243.9,10.3,3.6,70.3,7.25,218.056,1.6,41673.83,13.3,2602.6448942042316,781.2557497700093
2011,Kentucky,239.6,9.4,3.6,69.1,7.25,224.939,3.2,42979.61,13.5,2640.0366048959045,722.6035232212307
2012,Kentucky,224.9,8.2,3.4,68.7,7.25,229.594,2.1,44321.67,14.3,2656.791248860529,669.4849589790336
2013,Kentucky,210.9,7.9,3.3,67.5,7.25,232.957,1.5,44888.16,15.4,2650.3517131835715,563.4672112548218
2014,Kentucky,215.2,6.4,3.2,67.6,7.25,236.736,1.6,46481.52,16.2,2614.602671496491,578.9223454833598
2015,Kentucky,223.5,5.2,3.1,67.9,7.25,237.017,0.1,48098.63,18.3,2700.8128245653643,448.3630616391962
2016,Kentucky,235.6,5.0,3.01,67.9,7.25,240.007,1.3,48642.15,18.2,2860.045045045045,459.9549549549549
2017,Kentucky,231.1,4.8,2.9,70.1,7.25,245.12,2.1,50321.89,17.1,2932.9667863554755,448.0251346499102
2018,Kentucky,217.9,4.2,2.9,69.8,7.25,251.107,2.4,52145.8,16.7,2938.77688172043,442.4059139784946
2019,Kentucky,217.1,4.1,2.7,69.5,7.25,255.657,1.8,54099.99,16.0,2882.2227191413235,460.1073345259391
1984,Maine,158.5,6.1,4.9778,74.1,3.35,103.9,4.3,16135.07,17.7,671.6738197424893,421.6309012875536
1985,Maine,167.5,5.6,4.9222,73.7,3.35,107.6,3.5,16822.51,16.8,719.8297872340424,486.5531914893617
1986,Maine,147.0,5.3,4.8667,74.0,3.35,109.6,1.9,17321.82,16.7,814.0809443507588,509.44350758853295
1987,Maine,152.1,4.4,4.8111,73.2,3.35,113.6,3.7,18426.51,16.3,879.0133779264214,535.3678929765886
1988,Maine,157.4,3.7,4.7556,72.2,3.65,118.3,4.1,19334.04,15.6,952.6097763048881,573.1565865782932
1989,Maine,137.2,4.0,4.7,73.6,3.65,124.0,4.8,20099.55,16.3,1090.961380443714,633.5250616269515
1990,Maine,143.2,5.3,4.7,74.2,3.65,130.7,5.4,21027.98,17.0,1203.1758957654724,691.3680781758958
1991,Maine,132.1,7.8,4.6429,72.0,3.85,136.2,4.2,21811.6,18.0,1295.1338199513382,912.3276561232766
1992,Maine,130.9,7.4,4.5857,72.0,4.25,140.3,3.0,22935.42,17.6,1320.048504446241,530.9620048504446
1993,Maine,125.7,6.8,4.5286,71.9,4.25,144.5,3.0,23132.67,16.8,1313.768115942029,553.5426731078906
1994,Maine,129.9,6.6,4.4714,72.6,4.25,148.2,2.6,23753.53,15.9,1331.1948676824377,507.1371291098636
1995,Maine,131.4,5.9,4.4143,76.7,4.25,152.4,2.8,24705.66,15.0,1347.9616306954438,555.3956834532374
1996,Maine,124.9,5.3,4.3571,76.5,4.25,156.9,2.9,25913.9,12.9,1437.8980891719746,556.687898089172
1997,Maine,120.8,5.2,4.3,74.9,4.75,160.5,2.3,27426.0,12.1,1545.3608247422683,576.3679619349723
1998,Maine,125.9,4.5,4.2,74.6,5.15,163.0,1.6,28861.44,12.1,1620.3952569169962,540.7905138339921
1999,Maine,112.0,4.0,4.1,77.4,5.15,166.6,2.2,30469.84,11.8,1646.6929133858268,533.1496062992126
2000,Maine,109.6,3.3,4.0,76.5,5.15,172.2,3.4,32154.82,11.8,1765.465935787001,542.2083007047769
2001,Maine,111.7,3.8,4.0,75.5,5.15,177.1,2.8,32921.92,12.1,1854.1634241245138,666.0700389105059
2002,Maine,107.8,4.5,3.9,74.0,5.75,179.9,1.6,33252.09,12.1,1944.744976816074,678.9799072642968
2003,Maine,108.6,5.1,3.8,73.7,6.25,184.0,2.3,34064.95,11.8,2079.3553338449733,803.8372985418266
2004,Maine,103.7,4.7,3.7,74.7,6.25,188.9,2.7,35648.55,11.1,2210.779816513761,797.17125382263
2005,Maine,112.5,4.9,3.6,73.9,6.35,195.3,3.4,36952.94,10.1,2207.7743902439024,869.6646341463414
2006,Maine,116.0,4.7,3.7,75.3,6.5,201.6,3.2,38651.41,9.7,2301.5209125475285,744.2585551330799
2007,Maine,118.8,4.7,3.6,74.3,6.75,207.342,2.9,40405.48,9.4,2371.8299164768414,694.9126803340927
2008,Maine,119.4,5.3,3.5,73.9,7.0,215.303,3.8,41334.97,9.4,2442.651515151515,753.3333333333333
2009,Maine,119.9,8.4,3.5,74.0,7.25,214.537,-0.4,40711.61,9.8,2529.2109256449166,844.0060698027314
2010,Maine,122.1,8.4,3.6,73.8,7.5,218.056,1.6,41673.83,10.1,2563.4036144578313,971.9879518072288
2011,Maine,123.3,7.7,3.6,73.9,7.5,224.939,3.2,42979.61,10.3,2619.5030120481924,978.2379518072288
2012,Maine,122.4,7.2,3.4,74.1,7.5,229.594,2.1,44321.67,11.1,2527.8614457831322,1332.3042168674697
2013,Maine,132.5,6.7,3.3,73.5,7.5,232.957,1.5,44888.16,11.4,2443.0398796087284,1213.243039879609
2014,Maine,127.6,5.6,3.2,71.0,7.5,236.736,1.6,46481.52,11.9,2488.580015026296,1370.8489857250188
2015,Maine,129.8,4.4,3.1,69.9,7.5,237.017,0.1,48098.63,13.2,2539.1271632806624,1070.6546275395035
2016,Maine,124.0,3.8,3.01,72.6,7.5,240.007,1.3,48642.15,12.3,2597.1471471471473,976.2012012012011
2017,Maine,120.6,3.4,2.9,71.0,9.0,245.12,2.1,50321.89,11.3,2688.3982035928143,960.5538922155688
2018,Maine,112.0,3.1,2.9,71.2,10.0,251.107,2.4,52145.8,11.6,2790.8208955223877,1009.4776119402985
2019,Maine,115.2,2.7,2.7,73.8,12.0,255.657,1.8,54099.99,10.9,2517.7563150074293,1114.858841010401
1984,Michigan,760.1,11.2,4.9778,72.7,3.35,103.9,4.3,16135.07,20.0,847.3423180592991,540.8194070080863
1985,Michigan,734.1,10.0,4.9222,70.7,3.35,107.6,3.5,16822.51,19.1,891.0335165427309,510.45371268455654
1986,Michigan,803.9,8.9,4.8667,70.9,3.35,109.6,1.9,17321.82,17.6,1027.8280542986424,544.9795302736479
1987,Michigan,780.1,8.4,4.8111,71.7,3.35,113.6,3.7,18426.51,16.4,1089.0145395799677,577.0166935918148
1988,Michigan,741.7,7.6,4.7556,72.5,3.35,118.3,4.1,19334.04,16.0,1196.2966950156099,629.6802669824524
1989,Michigan,709.2,7.2,4.7,73.2,3.35,124.0,4.8,20099.55,15.9,1235.718897976754,611.9995695221696
1990,Michigan,790.4,7.7,4.7,72.3,3.35,130.7,5.4,21027.98,15.9,1287.6600322754168,736.428187197418
1991,Michigan,803.1,9.3,4.6429,70.6,3.8,136.2,4.2,21811.6,16.4,1402.3829878179097,744.2295362256892
1992,Michigan,770.1,9.1,4.5857,70.6,4.25,140.3,3.0,22935.42,16.5,1433.690691009447,520.464918798429
1993,Michigan,791.5,7.3,4.5286,72.3,4.25,144.5,3.0,23132.67,15.7,1577.4145929987349,500.76971741881067
1994,Michigan,766.1,6.1,4.4714,72.0,4.25,148.2,2.6,23753.53,15.1,1589.221745050801,477.3646171572221
1995,Michigan,687.8,5.3,4.4143,72.2,4.25,152.4,2.8,24705.66,14.4,1716.9181146602848,496.1710540006242
1996,Michigan,635.3,4.9,4.3571,73.3,4.25,156.9,2.9,25913.9,13.5,1798.522116577098,459.83877635386517
1997,Michigan,590.0,4.3,4.3,73.3,4.75,160.5,2.3,27426.0,12.6,1896.2734832152755,487.92731752386817
1998,Michigan,620.8,4.0,4.2,74.4,5.15,163.0,1.6,28861.44,12.0,2048.857842137467,459.1678564144402
1999,Michigan,574.9,3.8,4.1,76.5,5.15,166.6,2.2,30469.84,11.6,2174.96961102107,463.6750405186385
2000,Michigan,555.0,3.6,4.0,77.2,5.15,172.2,3.4,32154.82,11.9,2288.237066800603,475.9216474133601
2001,Michigan,553.9,5.2,4.0,77.1,5.15,177.1,2.8,32921.92,11.9,2369.2284629222468,572.5664601239257
2002,Michigan,540.7,6.2,3.9,76.0,5.15,179.9,1.6,33252.09,12.6,2400.2490287877276,660.7829465086164
2003,Michigan,511.3,7.1,3.8,75.6,5.15,184.0,2.3,34064.95,13.1,2488.1184184383073,743.9101927279952
2004,Michigan,492.2,7.0,3.7,77.1,5.15,188.9,2.7,35648.55,13.5,2720.1605709188225,730.2210328080087
2005,Michigan,553.8,6.8,3.6,76.4,5.15,195.3,3.4,36952.94,13.0,2725.14121494401,541.3041323952037
2006,Michigan,564.4,7.0,3.7,77.4,5.15,201.6,3.2,38651.41,13.0,2648.9585399722273,529.0914501091053
2007,Michigan,533.8,7.1,3.6,76.4,6.95,207.342,2.9,40405.48,12.4,2852.034623420555,544.4433389712466
2008,Michigan,514.9,8.2,3.5,75.9,7.15,215.303,3.8,41334.97,12.7,2879.5861241627513,561.6415075477357
2009,Michigan,499.8,13.1,3.5,74.5,7.4,214.537,-0.4,40711.61,12.6,2859.6990972918757,728.8866599799397
2010,Michigan,493.0,12.2,3.6,74.5,7.4,218.056,1.6,41673.83,12.8,2977.2828507795098,1080.805831139907
2011,Michigan,442.8,10.0,3.6,74.1,7.4,224.939,3.2,42979.61,13.2,2933.0567641404436,887.1698876859253
2012,Michigan,455.0,9.0,3.4,74.8,7.4,229.594,2.1,44321.67,13.5,2937.3610830470802,735.6940796120429
2013,Michigan,452.2,8.7,3.3,73.9,7.4,232.957,1.5,44888.16,13.5,2855.965708522441,675.753908219869
2014,Michigan,429.1,7.2,3.2,73.8,8.15,236.736,1.6,46481.52,14.0,2910.994764397906,780.0745066451872
2015,Michigan,420.6,5.4,3.1,74.6,8.15,237.017,0.1,48098.63,15.7,2947.0807328367223,509.64364807731033
2016,Michigan,460.9,5.0,3.01,72.8,8.5,240.007,1.3,48642.15,14.9,3052.0293349407275,547.7797870202934
2017,Michigan,449.9,4.6,2.9,72.9,8.9,245.12,2.1,50321.89,14.1,3121.178711035381,554.1946476896862
2018,Michigan,452.5,4.2,2.9,73.0,9.25,251.107,2.4,52145.8,14.0,3278.9826774807248,585.77150295384
2019,Michigan,437.4,4.1,2.7,73.0,9.65,255.657,1.8,54099.99,12.9,3299.5393089634454,631.5373059589384
1984,Minnesota,211.5,6.3,4.9778,72.6,3.35,103.9,4.3,16135.07,17.9,897.9966611018365,510.4221321249702
1985,Minnesota,256.4,6.0,4.9222,70.0,3.35,107.6,3.5,16822.51,16.7,942.4579682690031,568.50580156287
1986,Minnesota,284.6,5.6,4.8667,68.0,3.35,109.6,1.9,17321.82,16.1,1009.8988948977193,612.6498941923348
1987,Minnesota,285.4,5.1,4.8111,68.9,3.35,113.6,3.7,18426.51,15.9,1136.4931123044594,632.5472799439644
1988,Minnesota,290.1,4.3,4.7556,69.1,3.55,118.3,4.1,19334.04,15.4,1186.3699582753825,667.1998145572555
1989,Minnesota,288.3,4.4,4.7,68.3,3.55,124.0,4.8,20099.55,14.5,1269.9815837937385,720.1197053406997
1990,Minnesota,306.1,4.7,4.7,68.0,3.55,130.7,5.4,21027.98,15.0,1336.96,764.1828571428572
1991,Minnesota,316.0,5.1,4.6429,68.9,4.25,136.2,4.2,21811.6,15.0,1433.4763948497855,867.8111587982834
1992,Minnesota,338.0,5.0,4.5857,66.7,4.25,140.3,3.0,22935.42,14.8,1488.1446751507033,594.2621120785889
1993,Minnesota,353.9,4.8,4.5286,65.8,4.25,144.5,3.0,23132.67,14.0,1609.9955869373346,579.9867608120036
1994,Minnesota,359.0,4.0,4.4714,68.9,4.25,148.2,2.6,23753.53,13.5,1644.9291166848418,560.1744820065431
1995,Minnesota,356.1,3.7,4.4143,73.3,4.25,152.4,2.8,24705.66,11.9,1782.4531148954513,604.8501832291442
1996,Minnesota,338.8,3.8,4.3571,75.4,4.25,156.9,2.9,25913.9,10.9,1785.641244141457,603.962505325948
1997,Minnesota,337.8,3.2,4.3,75.4,4.75,160.5,2.3,27426.0,10.0,1842.9985260054748,571.6571909875764
1998,Minnesota,310.2,2.7,4.2,75.4,5.15,163.0,1.6,28861.44,9.3,1910.926118626431,726.576482830385
1999,Minnesota,274.0,2.7,4.1,76.1,5.15,166.6,2.2,30469.84,8.7,2035.8288770053477,707.075277663513
2000,Minnesota,280.8,3.0,4.0,76.1,5.15,172.2,3.4,32154.82,8.3,2114.4507498986623,721.7673287393595
2001,Minnesota,263.7,3.8,4.0,76.1,5.15,177.1,2.8,32921.92,7.8,2207.826610475617,834.8785871964681
2002,Minnesota,267.2,4.5,3.9,77.3,5.15,179.9,1.6,33252.09,7.6,2279.310344827586,919.812637034084
2003,Minnesota,262.9,4.8,3.8,77.2,5.15,184.0,2.3,34064.95,7.9,2349.524564183835,1036.0736925515057
2004,Minnesota,269.8,4.6,3.7,76.4,5.15,188.9,2.7,35648.55,8.1,2389.466430399685,818.5469580626108
2005,Minnesota,297.3,4.1,3.6,76.5,5.15,195.3,3.4,36952.94,8.4,2424.260818484433,774.8580379870765
2006,Minnesota,310.5,4.1,3.7,75.6,5.25,201.6,3.2,38651.41,8.6,2599.3006993006998,686.7521367521368
2007,Minnesota,289.6,4.6,3.6,73.5,5.25,207.342,2.9,40405.48,9.1,2722.9242920439224,725.1396648044692
2008,Minnesota,265.4,5.4,3.5,73.1,5.85,215.303,3.8,41334.97,9.3,2872.815905180654,756.3563372204168
2009,Minnesota,244.5,7.9,3.5,72.9,6.55,214.537,-0.4,40711.61,9.5,3078.4846183061145,868.9707557918724
2010,Minnesota,235.7,7.4,3.6,72.6,7.25,218.056,1.6,41673.83,9.5,2928.262097533421,1165.9762756543023
2011,Minnesota,230.5,6.5,3.6,71.3,7.25,224.939,3.2,42979.61,10.2,2922.049747521975,1036.899195810735
2012,Minnesota,230.9,5.6,3.4,72.0,7.25,229.594,2.1,44321.67,9.6,2914.6336928226106,909.2599479360357
2013,Minnesota,234.4,5.0,3.3,73.4,7.25,232.957,1.5,44888.16,9.7,2997.2114496768236,789.8060941828255
2014,Minnesota,229.1,4.3,3.2,71.4,7.25,236.736,1.6,46481.52,10.0,3061.7825050430956,906.5285164129837
2015,Minnesota,242.9,3.8,3.1,70.1,7.25,237.017,0.1,48098.63,10.2,3139.0590809628006,804.8687089715536
2016,Minnesota,241.9,3.9,3.01,72.4,7.25,240.007,1.3,48642.15,9.9,3347.0769230769224,847.1131221719456
2017,Minnesota,239.7,3.4,2.9,72.7,7.75,245.12,2.1,50321.89,9.5,3589.6749865325914,864.2305620398635
2018,Minnesota,221.2,3.0,2.9,69.8,8.04,251.107,2.4,52145.8,9.6,3620.9841326439646,920.984132643965
2019,Minnesota,236.4,3.2,2.7,71.4,8.15,255.657,1.8,54099.99,8.9,3517.234042553192,1010.0531914893618
1984,Mississippi,282.0,10.6,4.9778,72.3,3.35,103.9,4.3,16135.07,29.3,610.8182533438238,256.6089693154996
1985,Mississippi,270.9,10.4,4.9222,69.6,3.35,107.6,3.5,16822.51,30.0,651.3545347467608,267.6089517078916
1986,Mississippi,274.1,11.4,4.8667,70.4,3.35,109.6,1.9,17321.82,29.6,733.346394984326,267.6332288401254
1987,Mississippi,269.8,10.1,4.8111,72.5,3.35,113.6,3.7,18426.51,29.1,761.2045365662887,284.5131012905749
1988,Mississippi,325.2,8.5,4.7556,73.7,3.35,118.3,4.1,19334.04,28.5,866.0944206008584,312.71946937182986
1989,Mississippi,311.2,7.9,4.7,72.2,3.35,124.0,4.8,20099.55,27.7,932.4766355140187,337.3442367601246
1990,Mississippi,340.3,7.6,4.7,69.4,3.35,130.7,5.4,21027.98,27.3,984.6094053633891,345.3556160124369
1991,Mississippi,389.1,8.4,4.6429,71.8,3.8,136.2,4.2,21811.6,26.4,1005.9253559061177,416.8526356290881
1992,Mississippi,411.7,8.0,4.5857,70.4,4.25,140.3,3.0,22935.42,25.7,1021.8285714285715,218.59047619047618
1993,Mississippi,433.9,6.7,4.5286,69.7,4.25,144.5,3.0,23132.67,24.1,1056.2971342383107,231.7496229260935
1994,Mississippi,493.7,6.3,4.4714,69.2,4.25,148.2,2.6,23753.53,22.8,1145.5020530048528,248.67487868607694
1995,Mississippi,502.8,6.2,4.4143,71.1,4.25,152.4,2.8,24705.66,20.5,1289.9113082039912,249.63045084996304
1996,Mississippi,488.3,6.0,4.3571,73.0,4.25,156.9,2.9,25913.9,18.5,1354.0431759970727,233.47969264544457
1997,Mississippi,469.0,5.7,4.3,73.7,4.75,160.5,2.3,27426.0,17.3,1363.7318840579712,296.15942028985506
1998,Mississippi,410.7,5.3,4.2,75.1,5.15,163.0,1.6,28861.44,15.9,1486.6571018651364,214.7417503586801
1999,Mississippi,349.3,5.1,4.1,74.9,5.15,166.6,2.2,30469.84,15.7,1585.4403409090912,213.5653409090909
2000,Mississippi,360.9,5.3,4.0,75.2,5.15,172.2,3.4,32154.82,16.0,1707.1629213483147,240.16853932584272
2001,Mississippi,349.9,5.5,4.0,74.5,5.15,177.1,2.8,32921.92,15.7,1736.4178058184366,348.4752891692955
2002,Mississippi,343.9,6.4,3.9,74.9,5.15,179.9,1.6,33252.09,16.1,1798.9157047918854,335.1521511017839
2003,Mississippi,323.9,6.1,3.8,73.4,5.15,184.0,2.3,34064.95,16.9,1860.320781032078,403.76569037656907
2004,Mississippi,295.4,6.1,3.7,74.0,5.15,188.9,2.7,35648.55,16.7,1961.6424116424116,317.7408177408177
2005,Mississippi,279.6,7.6,3.6,78.8,5.15,195.3,3.4,36952.94,17.2,2037.689655172414,289.62068965517244
2006,Mississippi,311.8,6.4,3.7,76.2,5.15,201.6,3.2,38651.41,17.6,2236.313427683811,344.01104590956163
2007,Mississippi,291.3,6.2,3.6,74.0,5.15,207.342,2.9,40405.48,17.3,2317.214236824093,307.9397672826831
2008,Mississippi,304.3,6.7,3.5,75.4,5.85,215.303,3.8,41334.97,17.2,2455.3061224489797,337.61904761904765
2009,Mississippi,286.3,9.4,3.5,75.5,6.55,214.537,-0.4,40711.61,16.2,2526.1517615176153,386.6869918699187
2010,Mississippi,269.3,10.1,3.6,74.8,7.25,218.056,1.6,41673.83,16.1,2536.9235947492425,562.7061595422416
2011,Mississippi,269.0,9.8,3.6,74.8,7.25,224.939,3.2,42979.61,16.0,2452.332997650218,513.8972809667674
2012,Mississippi,260.1,8.8,3.4,74.2,7.25,229.594,2.1,44321.67,16.5,2517.0854271356784,468.5762144053602
2013,Mississippi,277.5,8.5,3.3,74.2,7.25,232.957,1.5,44888.16,17.3,2465.9197324414713,423.2775919732441
2014,Mississippi,278.3,7.6,3.2,73.2,7.25,236.736,1.6,46481.52,16.9,2560.427807486631,391.0093582887701
2015,Mississippi,274.0,6.5,3.1,70.7,7.25,237.017,0.1,48098.63,22.1,2632.7090301003345,345.88628762541805
2016,Mississippi,281.7,5.9,3.01,69.7,7.25,240.007,1.3,48642.15,21.0,2781.7452357071215,311.0665329321297
2017,Mississippi,256.2,5.2,2.9,71.0,7.25,245.12,2.1,50321.89,19.9,2755.4663991975926,297.7599465061852
2018,Mississippi,266.0,5.0,2.9,72.5,7.25,251.107,2.4,52145.8,19.8,2744.954743546765,305.73248407643314
2019,Mississippi,277.9,5.5,2.7,72.7,7.25,255.657,1.8,54099.99,19.5,2794.4257891202146,260.6783075889859
1984,New Jersey,527.7,6.3,4.9778,63.4,3.35,103.9,4.3,16135.07,16.5,789.998668264749,421.0813690238381
1985,New Jersey,544.5,5.6,4.9222,62.3,3.35,107.6,3.5,16822.51,15.1,853.4393638170974,456.1166335321405
1986,New Jersey,572.5,5.0,4.8667,63.3,3.35,109.6,1.9,17321.82,13.3,936.0458981798998,491.59852281719867
1987,New Jersey,541.0,4.0,4.8111,64.0,3.35,113.6,3.7,18426.51,12.7,1024.6357789736187,517.3513584459903
1988,New Jersey,582.8,3.8,4.7556,64.8,3.35,118.3,4.1,19334.04,12.6,1107.6933124346917,540.491118077325
1989,New Jersey,609.0,4.1,4.7,65.7,3.35,124.0,4.8,20099.55,12.6,1227.999480046796,614.7796698297153
1990,New Jersey,647.6,5.1,4.7,65.0,3.35,130.7,5.4,21027.98,13.2,1317.593790426908,686.6882276843467
1991,New Jersey,634.8,6.8,4.6429,64.8,3.8,136.2,4.2,21811.6,14.5,1373.6018471010775,824.2560287326834
1992,New Jersey,625.8,8.5,4.5857,64.6,4.25,140.3,3.0,22935.42,15.3,1503.1925718646655,600.0127194098194
1993,New Jersey,626.9,7.8,4.5286,64.5,4.25,144.5,3.0,23132.67,15.9,1621.7555807794172,590.3266490099634
1994,New Jersey,614.2,6.8,4.4714,64.1,5.05,148.2,2.6,23753.53,16.3,1716.5186945104415,527.610353882706
1995,New Jersey,599.8,6.4,4.4143,64.9,5.05,152.4,2.8,24705.66,16.2,1786.5468071915686,643.0130192188468
1996,New Jersey,531.5,6.1,4.3571,64.6,5.05,156.9,2.9,25913.9,15.8,1819.3877551020407,618.7853454634866
1997,New Jersey,492.6,5.3,4.3,63.1,5.05,160.5,2.3,27426.0,15.1,1859.5879556259906,583.1525051810314
1998,New Jersey,440.2,4.6,4.2,63.1,5.15,163.0,1.6,28861.44,14.6,1983.3434062613321,532.2978363350659
1999,New Jersey,411.9,4.4,4.1,64.5,5.15,166.6,2.2,30469.84,14.4,2049.970034759679,526.1057173678533
2000,New Jersey,383.8,3.7,4.0,66.2,5.15,172.2,3.4,32154.82,14.0,2257.917210295339,495.1607164037481
2001,New Jersey,388.8,4.2,4.0,66.5,5.15,177.1,2.8,32921.92,13.7,2383.837907880787,571.0802214630697
2002,New Jersey,376.1,5.8,3.9,66.9,5.15,179.9,1.6,33252.09,13.3,2434.3398876404494,681.9990636704119
2003,New Jersey,364.3,5.8,3.8,66.9,5.15,184.0,2.3,34064.95,13.1,2717.5463124781545,758.044972620296
2004,New Jersey,356.3,4.9,3.7,68.8,5.15,188.9,2.7,35648.55,12.7,2902.9029261495584,652.4849047840223
2005,New Jersey,355.3,4.4,3.6,70.1,5.15,195.3,3.4,36952.94,12.8,3130.120621665507,622.4773834377174
2006,New Jersey,350.2,4.6,3.7,69.0,6.15,201.6,3.2,38651.41,13.1,3436.9202226345083,693.541280148423
2007,New Jersey,328.6,4.2,3.6,68.3,7.15,207.342,2.9,40405.48,13.1,3475.8452987494215,705.7318202871701
2008,New Jersey,326.5,5.4,3.5,67.3,7.15,215.303,3.8,41334.97,13.4,3569.7102620339374,764.0309361653007
2009,New Jersey,311.4,9.0,3.5,65.9,7.15,214.537,-0.4,40711.61,13.9,3681.1437758383095,948.1051906293064
2010,New Jersey,307.5,9.7,3.6,66.5,7.25,218.056,1.6,41673.83,14.1,3662.9048755540407,1439.69769291965
2011,New Jersey,307.9,9.4,3.6,66.4,7.25,224.939,3.2,42979.61,14.6,3513.3310680711293,1384.8114169215085
2012,New Jersey,290.1,9.4,3.4,66.6,7.25,229.594,2.1,44321.67,15.6,3640.4137463260226,1258.1957947094731
2013,New Jersey,288.9,8.4,3.3,64.9,7.25,232.957,1.5,44888.16,16.2,3738.789794536012,1357.5637841499208
2014,New Jersey,260.9,6.7,3.2,65.2,8.25,236.736,1.6,46481.52,16.7,3902.808165106574,1206.2817187323783
2015,New Jersey,256.0,5.7,3.1,64.0,8.38,237.017,0.1,48098.63,10.8,3984.633596392334,1031.5219842164602
2016,New Jersey,243.5,4.9,3.01,62.2,8.38,240.007,1.3,48642.15,10.4,4139.700247915257,1045.5037187288708
2017,New Jersey,231.8,4.5,2.9,64.1,8.44,245.12,2.1,50321.89,10.0,4191.201620162016,829.9842484248425
2018,New Jersey,208.6,4.0,2.9,65.0,8.6,251.107,2.4,52145.8,9.5,4281.848852901485,835.5937921727397
2019,New Jersey,206.9,3.4,2.7,65.0,11.0,255.657,1.8,54099.99,9.1,4199.156450343044,884.9623214486559
1984,New Mexico,688.1,7.7,4.9778,68.0,3.35,103.9,4.3,16135.07,26.9,975.650289017341,241.97976878612718
1985,New Mexico,703.9,8.6,4.9222,68.2,3.35,107.6,3.5,16822.51,26.2,1038.291814946619,247.1174377224199
1986,New Mexico,725.6,9.2,4.8667,67.8,3.35,109.6,1.9,17321.82,26.1,1119.8457223001403,271.45862552594673
1987,New Mexico,628.5,8.9,4.8111,67.2,3.35,113.6,3.7,18426.51,25.7,1054.2127071823204,300.414364640884
1988,New Mexico,658.1,7.6,4.7556,65.4,3.35,118.3,4.1,19334.04,25.5,1082.312925170068,317.00680272108843
1989,New Mexico,703.9,6.7,4.7,65.5,3.35,124.0,4.8,20099.55,25.9,1175.603217158177,332.30563002680964
1990,New Mexico,780.2,6.7,4.7,68.6,3.35,130.7,5.4,21027.98,26.0,1245.4125412541255,366.00660066006606
1991,New Mexico,834.8,7.2,4.6429,69.5,3.8,136.2,4.2,21811.6,24.7,1336.8762151652627,433.1821127673364
1992,New Mexico,934.9,7.3,4.5857,70.5,4.25,140.3,3.0,22935.42,24.9,1382.7608142493636,325.5089058524173
1993,New Mexico,929.7,7.3,4.5286,69.1,4.25,144.5,3.0,23132.67,25.6,1444.472204871955,333.3541536539663
1994,New Mexico,889.2,6.5,4.4714,66.8,4.25,148.2,2.6,23753.53,25.6,1434.601226993865,324.2944785276074
1995,New Mexico,819.2,6.7,4.4143,67.0,4.25,152.4,2.8,24705.66,24.9,1561.867469879518,359.6987951807229
1996,New Mexico,840.6,7.5,4.3571,67.1,4.25,156.9,2.9,25913.9,24.4,1556.7120047309284,334.5949142519219
1997,New Mexico,853.3,6.4,4.3,69.6,4.75,160.5,2.3,27426.0,23.4,1740.766550522648,340.5923344947735
1998,New Mexico,961.4,6.2,4.2,71.3,5.15,163.0,1.6,28861.44,21.7,1790.478905359179,329.8745724059293
1999,New Mexico,834.6,5.6,4.1,72.6,5.15,166.6,2.2,30469.84,19.9,1884.5464725643897,329.2273236282195
2000,New Mexico,757.9,5.0,4.0,73.7,5.15,172.2,3.4,32154.82,19.1,2046.6227347611205,326.19439868204284
2001,New Mexico,780.4,5.0,4.0,70.8,5.15,177.1,2.8,32921.92,18.6,2126.243849097868,420.33898305084745
2002,New Mexico,740.7,5.5,3.9,70.0,5.15,179.9,1.6,33252.09,17.7,2275.8918918918916,387.94594594594594
2003,New Mexico,667.3,5.9,3.8,70.3,5.15,184.0,2.3,34064.95,17.3,2359.5721925133685,492.6737967914438
2004,New Mexico,687.4,5.6,3.7,71.5,5.15,188.9,2.7,35648.55,16.9,2479.651162790698,440.69767441860466
2005,New Mexico,646.3,5.2,3.6,71.4,5.15,195.3,3.4,36952.94,15.9,2564.214919144497,441.7318727177882
2006,New Mexico,654.7,4.2,3.7,72.0,5.15,201.6,3.2,38651.41,15.8,2711.3741636644363,389.758106021616
2007,New Mexico,675.7,3.6,3.6,71.5,5.15,207.342,2.9,40405.48,15.7,2950.5332656170644,332.6561706449975
2008,New Mexico,653.5,4.3,3.5,70.4,6.5,215.303,3.8,41334.97,15.2,3159.6879718168093,375.742325113236
2009,New Mexico,632.4,7.1,3.5,69.1,7.5,214.537,-0.4,40711.61,15.1,3330.796019900498,456.5174129353234
2010,New Mexico,588.0,7.8,3.6,68.6,7.5,218.056,1.6,41673.83,16.2,3180.2905569007266,656.3680387409202
2011,New Mexico,572.7,7.2,3.6,69.1,7.5,224.939,3.2,42979.61,15.7,3066.8909178279673,655.9827006246996
2012,New Mexico,559.6,7.0,3.4,66.8,7.5,229.594,2.1,44321.67,16.0,3032.1839080459768,542.3371647509579
2013,New Mexico,622.5,6.9,3.3,67.3,7.5,232.957,1.5,44888.16,16.6,2972.623029144768,446.9182990922121
2014,New Mexico,597.7,6.6,3.2,66.3,7.5,236.736,1.6,46481.52,15.9,3029.33014354067,401.96172248803833
2015,New Mexico,657.2,6.6,3.1,66.5,7.5,237.017,0.1,48098.63,19.8,3258.708133971292,394.44976076555025
2016,New Mexico,699.4,6.7,3.01,67.4,7.5,240.007,1.3,48642.15,19.1,3207.3578595317726,373.3874820831343
2017,New Mexico,778.6,6.1,2.9,66.6,7.5,245.12,2.1,50321.89,19.0,3276.110845676063,373.9130434782609
2018,New Mexico,842.8,4.9,2.9,68.0,7.5,251.107,2.4,52145.8,18.8,3257.8796561604586,374.45081184336203
2019,New Mexico,832.2,5.0,2.7,67.4,9.0,255.657,1.8,54099.99,17.5,3075.3809523809523,467.42857142857144
1984,New York,914.3,7.2,4.9778,51.1,3.35,103.9,4.3,16135.07,22.2,900.2594472645234,699.8195149464184
1985,New York,929.9,6.6,4.9222,50.3,3.35,107.6,3.5,16822.51,21.5,970.567715073426,779.029989309627
1986,New York,985.9,6.2,4.8667,51.3,3.35,109.6,1.9,17321.82,20.5,1055.3603502469691,764.9360125729681
1987,New York,1008.1,4.8,4.8111,52.0,3.35,113.6,3.7,18426.51,19.6,1157.0324748040314,828.3930571108623
1988,New York,1097.3,4.2,4.7556,50.7,3.35,118.3,4.1,19334.04,19.2,1236.904429425236,904.798078534324
1989,New York,1131.2,4.9,4.7,52.3,3.35,124.0,4.8,20099.55,19.4,1346.8546275143478,1012.8712319607735
1990,New York,1180.9,5.3,4.7,53.3,3.35,130.7,5.4,21027.98,20.0,1435.967983991996,1143.3550108387526
1991,New York,1163.9,7.3,4.6429,52.6,3.8,136.2,4.2,21811.6,20.9,1559.965721236247,1324.1609996129816
1992,New York,1122.1,8.7,4.5857,53.3,4.25,140.3,3.0,22935.42,21.8,1584.959304883414,881.2582490101187
1993,New York,1073.5,7.9,4.5286,52.8,4.25,144.5,3.0,23132.67,22.3,1678.600733001477,950.4294075816422
1994,New York,965.6,6.9,4.4714,52.5,4.25,148.2,2.6,23753.53,22.7,1747.3203112247672,892.3826105881711
1995,New York,841.9,6.3,4.4143,52.7,4.25,152.4,2.8,24705.66,22.9,1833.392866807382,946.0572603777669
1996,New York,727.0,6.2,4.3571,52.7,4.25,156.9,2.9,25913.9,22.8,1807.5742894056848,885.4597329888027
1997,New York,688.6,6.4,4.3,52.6,4.75,160.5,2.3,27426.0,22.5,1857.8580990629182,858.0722891566264
1998,New York,637.8,5.6,4.2,52.8,5.15,163.0,1.6,28861.44,21.9,1950.0399467376833,762.2103861517977
1999,New York,588.8,5.2,4.1,52.8,5.15,166.6,2.2,30469.84,21.6,2036.1570247933882,766.221657130748
2000,New York,553.9,4.5,4.0,53.4,5.15,172.2,3.4,32154.82,20.9,2179.1451731761235,707.606063796189
2001,New York,513.6,4.9,4.0,53.9,5.15,177.1,2.8,32921.92,20.3,2376.337157525277,786.4476923882866
2002,New York,496.6,6.2,3.9,54.8,5.15,179.9,1.6,33252.09,19.7,2529.866402254462,896.4043419267301
2003,New York,465.8,6.4,3.8,54.3,5.15,184.0,2.3,34064.95,19.6,2612.843845873849,961.9000571993134
2004,New York,440.4,5.8,3.7,54.8,5.15,188.9,2.7,35648.55,19.0,2718.2246864960102,919.0745154938336
2005,New York,444.4,5.0,3.6,55.9,6.0,195.3,3.4,36952.94,19.2,2834.292069732554,902.7572293207802
2006,New York,435.2,4.5,3.7,55.7,6.75,201.6,3.2,38651.41,19.3,3009.9033941209896,900.9867231492484
2007,New York,414.4,4.4,3.6,55.9,7.15,207.342,2.9,40405.48,18.8,3179.972197909695,969.7729495958401
2008,New York,397.9,5.4,3.5,55.0,7.15,215.303,3.8,41334.97,18.4,3370.5362646394087,995.2537497431682
2009,New York,384.4,8.4,3.5,54.4,7.15,214.537,-0.4,40711.61,18.1,3577.110838194657,1114.358816907174
2010,New York,394.4,8.7,3.6,54.5,7.25,218.056,1.6,41673.83,17.7,3703.5206185567013,1439.8814432989693
2011,New York,397.2,8.3,3.6,53.6,7.25,224.939,3.2,42979.61,17.2,3712.528205128205,1404.5333333333333
2012,New York,406.3,8.6,3.4,53.6,7.25,229.594,2.1,44321.67,17.6,3712.8640032696435,1297.0317768468374
2013,New York,393.8,7.8,3.3,53.0,7.25,232.957,1.5,44888.16,18.0,3837.49936312223,1185.540327100423
2014,New York,384.7,6.3,3.2,52.9,8.0,236.736,1.6,46481.52,17.7,4013.4228870910297,1069.287131735613
2015,New York,380.4,5.2,3.1,51.5,8.75,237.017,0.1,48098.63,15.5,4101.861932136135,998.6773159688661
2016,New York,374.6,4.9,3.01,51.5,9.0,240.007,1.3,48642.15,14.8,4254.053778773681,1028.25931961703
2017,New York,361.1,4.6,2.9,51.1,9.7,245.12,2.1,50321.89,14.1,4404.0012248647545,1110.4266612228232
2018,New York,350.8,4.1,2.9,51.0,10.4,251.107,2.4,52145.8,13.7,4567.253376995497,1163.15493246009
2019,New York,358.6,3.8,2.7,52.0,11.8,255.657,1.8,54099.99,13.1,4050.5420541540357,1145.3527205466783
1984,North Carolina,403.6,6.6,4.9778,68.8,3.35,103.9,4.3,16135.07,21.3,687.7795786061589,225.81847649918961
1985,North Carolina,420.9,5.7,4.9222,68.0,3.35,107.6,3.5,16822.51,19.7,773.7828315182576,240.74311338885332
1986,North Carolina,475.9,5.3,4.8667,68.2,3.35,109.6,1.9,17321.82,18.9,850.6725747744896,255.07200506409242
1987,North Carolina,484.0,4.5,4.8111,68.4,3.35,113.6,3.7,18426.51,18.4,910.7584050039094,266.6614542611415
1988,North Carolina,501.9,3.7,4.7556,68.3,3.35,118.3,4.1,19334.04,18.0,965.8529048207663,286.14029666254635
1989,North Carolina,546.4,3.6,4.7,69.4,3.35,124.0,4.8,20099.55,17.9,1058.4122137404581,328.412213740458
1990,North Carolina,623.5,4.1,4.7,69.0,3.35,130.7,5.4,21027.98,17.8,1150.882486046161,368.8188263689848
1991,North Carolina,658.4,5.9,4.6429,69.3,3.8,136.2,4.2,21811.6,17.9,1191.699955614736,475.0258914040538
1992,North Carolina,681.0,6.3,4.5857,68.6,4.25,140.3,3.0,22935.42,17.7,1215.7887099114787,284.12421999709767
1993,North Carolina,679.3,5.1,4.5286,68.8,4.25,144.5,3.0,23132.67,16.8,1235.8240819812127,296.7406774836322
1994,North Carolina,655.0,4.4,4.4714,68.7,4.25,148.2,2.6,23753.53,16.1,1275.6141820212172,304.17364600781684
1995,North Carolina,646.4,4.4,4.4143,70.1,4.25,152.4,2.8,24705.66,14.9,1351.5400410677619,346.8035592060233
1996,North Carolina,588.1,4.4,4.3571,70.4,4.25,156.9,2.9,25913.9,14.6,1390.3061224489795,320.6766917293233
1997,North Carolina,607.0,3.8,4.3,70.2,4.75,160.5,2.3,27426.0,14.1,1468.60679483803,328.06162760073744
1998,North Carolina,579.4,3.5,4.2,71.3,5.15,163.0,1.6,28861.44,14.4,1560.84205088467,334.62482242025055
1999,North Carolina,542.1,3.3,4.1,71.7,5.15,166.6,2.2,30469.84,14.2,1660.6713109563016,411.4882837238759
2000,North Carolina,497.6,3.7,4.0,71.1,5.15,172.2,3.4,32154.82,14.7,1773.4125510582992,411.2266369600198
2001,North Carolina,493.1,5.6,4.0,71.3,5.15,177.1,2.8,32921.92,15.0,1835.27977569182,493.2098012922102
2002,North Carolina,471.0,6.9,3.9,70.0,5.15,179.9,1.6,33252.09,15.2,1854.887579656126,516.3400264518456
2003,North Carolina,454.1,6.7,3.8,70.0,5.15,184.0,2.3,34064.95,15.1,1907.6045627376425,574.7267110266159
2004,North Carolina,447.8,5.9,3.7,69.8,5.15,188.9,2.7,35648.55,14.9,2043.582229515883,554.9994139022389
2005,North Carolina,468.7,5.6,3.6,70.9,5.15,195.3,3.4,36952.94,14.9,2175.4181566501325,411.54689122159414
2006,North Carolina,475.2,5.1,3.7,70.2,5.15,201.6,3.2,38651.41,14.1,2271.5687380173677,362.2984098342167
2007,North Carolina,466.1,5.1,3.6,70.3,6.15,207.342,2.9,40405.48,14.0,2315.4126213592235,399.3932038834951
2008,North Carolina,467.6,6.2,3.5,69.4,6.15,215.303,3.8,41334.97,13.8,2404.715042716557,442.44619876716774
2009,North Carolina,404.5,11.0,3.5,70.1,6.55,214.537,-0.4,40711.61,13.7,2513.8151582986884,582.3472977294531
2010,North Carolina,362.7,10.7,3.6,69.5,7.25,218.056,1.6,41673.83,13.8,2476.4073107049608,869.5039164490862
2011,North Carolina,346.3,10.3,3.6,68.3,7.25,224.939,3.2,42979.61,14.7,2481.0849984470437,787.2864685785277
2012,North Carolina,353.5,9.5,3.4,67.2,7.25,229.594,2.1,44321.67,14.7,2502.9634946677606,716.6222313371616
2013,North Carolina,341.0,7.8,3.3,67.3,7.25,232.957,1.5,44888.16,16.0,2474.9771504011374,636.4476490301615
2014,North Carolina,329.1,6.1,3.2,66.4,7.25,236.736,1.6,46481.52,16.1,2455.318506591527,592.6034014290027
2015,North Carolina,346.1,5.7,3.1,65.2,7.25,237.017,0.1,48098.63,16.4,2527.8668924977583,409.0365647105709
2016,North Carolina,371.8,5.1,3.01,65.7,7.25,240.007,1.3,48642.15,15.4,2565.2824247195435,393.95788230663254
2017,North Carolina,370.4,4.5,2.9,66.3,7.25,245.12,2.1,50321.89,14.7,2665.2880498248346,396.62319968859475
2018,North Carolina,356.2,4.0,2.9,65.2,7.25,251.107,2.4,52145.8,14.1,2732.739871042248,375.4114137234145
2019,North Carolina,371.8,3.8,2.7,65.1,7.25,255.657,1.8,54099.99,13.6,2875.145224264356,362.77497381201795
1984,North Dakota,53.6,5.3,4.9778,70.1,3.35,103.9,4.3,16135.07,18.4,990.8809891808346,386.2442040185471
1985,North Dakota,47.0,5.5,4.9222,69.9,3.35,107.6,3.5,16822.51,17.9,1064.3962848297213,449.07120743034056
1986,North Dakota,51.3,5.6,4.8667,69.2,3.35,109.6,1.9,17321.82,17.1,1104.6583850931677,453.72670807453414
1987,North Dakota,56.8,5.0,4.8111,68.9,3.35,113.6,3.7,18426.51,16.4,1137.1695178849145,575.5832037325039
1988,North Dakota,59.1,4.6,4.7556,67.7,3.35,118.3,4.1,19334.04,15.9,1164.4859813084113,571.1838006230529
1989,North Dakota,63.2,4.3,4.7,67.1,3.35,124.0,4.8,20099.55,15.5,1237.03125,638.28125
1990,North Dakota,73.9,4.1,4.7,67.2,3.35,130.7,5.4,21027.98,15.1,1339.280125195618,655.3990610328639
1991,North Dakota,65.4,4.3,4.6429,65.4,3.8,136.2,4.2,21811.6,14.8,1339.4366197183099,647.1048513302035
1992,North Dakota,83.3,4.6,4.5857,63.7,4.25,140.3,3.0,22935.42,14.5,1455.0860719874804,379.1862284820031
1993,North Dakota,82.2,4.3,4.5286,62.7,4.25,144.5,3.0,23132.67,13.8,1515.0,427.18749999999994
1994,North Dakota,81.8,3.7,4.4714,63.3,4.25,148.2,2.6,23753.53,12.5,1573.59375,402.8125
1995,North Dakota,86.7,3.3,4.4143,67.3,4.25,152.4,2.8,24705.66,11.9,1586.25,461.09375
1996,North Dakota,84.0,3.1,4.3571,68.2,4.25,156.9,2.9,25913.9,11.6,1603.2761310452418,407.6443057722309
1997,North Dakota,87.2,2.9,4.3,68.1,4.75,160.5,2.3,27426.0,11.0,1659.126365054602,427.4570982839314
1998,North Dakota,89.3,3.0,4.2,68.0,5.15,163.0,1.6,28861.44,10.8,1782.5545171339566,471.18380062305295
1999,North Dakota,66.9,3.1,4.1,70.1,5.15,166.6,2.2,30469.84,11.3,1875.0778816199377,660.9034267912773
2000,North Dakota,81.4,3.0,4.0,70.7,5.15,172.2,3.4,32154.82,11.0,1970.9828393135726,534.6333853354134
2001,North Dakota,79.3,2.8,4.0,71.0,5.15,177.1,2.8,32921.92,10.5,2033.4905660377358,696.2264150943396
2002,North Dakota,78.2,3.4,3.9,69.4,5.15,179.9,1.6,33252.09,10.1,2085.173501577287,538.1703470031546
2003,North Dakota,80.2,3.5,3.8,68.7,5.15,184.0,2.3,34064.95,10.2,2276.6192733017374,654.9763033175356
2004,North Dakota,87.7,3.4,3.7,70.0,5.15,188.9,2.7,35648.55,9.8,2415.0943396226417,576.1006289308176
2005,North Dakota,111.3,3.3,3.6,68.5,5.15,195.3,3.4,36952.94,9.6,2535.433070866142,504.251968503937
2006,North Dakota,197.4,3.1,3.7,68.3,5.15,201.6,3.2,38651.41,9.5,2631.397174254317,507.22135007849295
2007,North Dakota,209.9,3.0,3.6,66.0,5.15,207.342,2.9,40405.48,9.5,2754.5454545454545,587.4608150470219
2008,North Dakota,224.6,3.1,3.5,66.6,5.85,215.303,3.8,41334.97,9.3,2911.85647425897,663.6505460218408
2009,North Dakota,266.4,3.9,3.5,65.7,6.55,214.537,-0.4,40711.61,8.9,2968.160741885626,742.8129829984545
2010,North Dakota,229.5,3.7,3.6,67.1,7.25,218.056,1.6,41673.83,8.8,3219.259259259259,715.7037037037037
2011,North Dakota,248.1,3.3,3.6,68.3,7.25,224.939,3.2,42979.61,9.1,3271.282798833819,693.4402332361516
2012,North Dakota,245.7,2.9,3.4,66.2,7.25,229.594,2.1,44321.67,9.4,3377.3504273504277,574.5014245014246
2013,North Dakota,273.4,2.9,3.3,68.0,7.25,232.957,1.5,44888.16,9.7,3527.3858921161827,613.6929460580913
2014,North Dakota,270.4,2.6,3.2,64.5,7.25,236.736,1.6,46481.52,10.1,3604.6008119079843,590.1217861975643
2015,North Dakota,257.5,2.8,3.1,61.8,7.25,237.017,0.1,48098.63,10.7,3916.137566137566,670.8994708994709
2016,North Dakota,252.1,3.1,3.01,61.4,7.25,240.007,1.3,48642.15,10.5,4284.78835978836,849.2063492063492
2017,North Dakota,282.5,2.7,2.9,62.6,7.25,245.12,2.1,50321.89,10.2,4047.6882430647292,759.9735799207397
2018,North Dakota,284.1,2.5,2.9,61.9,7.25,251.107,2.4,52145.8,10.6,3938.684210526316,679.2105263157895
2019,North Dakota,284.6,2.3,2.7,61.4,7.25,255.657,1.8,54099.99,10.5,4025.9162303664925,681.8062827225131
2019,Tennessee,595.2,3.4,2.7,68.8,7.25,255.657,1.8,54099.99,13.8,2013.8360175695461,540.190336749634
1984,Tennessee,445.4,8.8,4.9778,67.6,3.35,103.9,4.3,16135.07,23.9,547.2039123963427,255.6240697427174
1985,Tennessee,474.4,7.9,4.9222,67.6,3.35,107.6,3.5,16822.51,22.6,621.9146238377008,262.48943364327977
1986,Tennessee,539.6,7.9,4.8667,67.4,3.35,109.6,1.9,17321.82,22.4,664.2091997479521,298.78176853602184
1987,Tennessee,533.5,6.7,4.8111,67.2,3.35,113.6,3.7,18426.51,22.3,717.2860125260961,334.8016701461378
1988,Tennessee,532.7,5.8,4.7556,66.9,3.35,118.3,4.1,19334.04,21.8,760.1369578750778,384.8931313550529
1989,Tennessee,548.9,5.1,4.7,67.3,3.35,124.0,4.8,20099.55,20.5,838.3457095709572,333.5602310231023
1990,Tennessee,670.4,5.3,4.7,68.3,3.35,130.7,5.4,21027.98,20.4,892.0032807053517,380.2952634816486
1991,Tennessee,725.9,6.6,4.6429,68.0,3.8,136.2,4.2,21811.6,20.1,926.9331718150615,451.1811023622047
1992,Tennessee,746.2,6.5,4.5857,67.4,4.25,140.3,3.0,22935.42,19.2,968.1908548707753,286.5606361829026
1993,Tennessee,765.8,5.8,4.5286,64.1,4.25,144.5,3.0,23132.67,18.2,962.7838684416602,330.8731401722788
1994,Tennessee,747.9,4.8,4.4714,65.2,4.25,148.2,2.6,23753.53,17.9,1080.7210333526123,334.7792558318874
1995,Tennessee,771.5,5.2,4.4143,67.0,4.25,152.4,2.8,24705.66,17.0,1172.8549734244496,378.7775246772969
1996,Tennessee,774.0,5.2,4.3571,68.8,4.25,156.9,2.9,25913.9,15.4,1205.141147878108,374.2381753598803
1997,Tennessee,789.7,5.3,4.3,70.2,4.75,160.5,2.3,27426.0,14.3,1277.2459499263623,367.5073637702503
1998,Tennessee,715.0,4.3,4.2,71.3,5.15,163.0,1.6,28861.44,13.8,1336.5959760739531,337.71977524016677
1999,Tennessee,695.0,4.0,4.1,71.9,5.15,166.6,2.2,30469.84,13.9,1446.3584434130667,356.21206711888607
2000,Tennessee,707.2,3.9,4.0,70.9,5.15,172.2,3.4,32154.82,13.7,1483.7629317902856,344.9237243556023
2001,Tennessee,744.0,4.5,4.0,69.7,5.15,177.1,2.8,32921.92,13.7,1542.6759339704606,417.46307558644656
2002,Tennessee,717.8,5.1,3.9,70.3,5.15,179.9,1.6,33252.09,14.4,1648.0785800448043,458.02171290711703
2003,Tennessee,691.3,5.5,3.8,70.8,5.15,184.0,2.3,34064.95,14.5,1632.0300495134027,505.01963462523474
2004,Tennessee,697.6,5.3,3.7,71.6,5.15,188.9,2.7,35648.55,14.1,1696.5354064559742,463.6302180158865
2005,Tennessee,757.3,5.5,3.6,72.4,5.15,195.3,3.4,36952.94,14.1,1743.0620413609072,444.9633088725817
2006,Tennessee,762.5,5.3,3.7,71.3,5.15,201.6,3.2,38651.41,14.2,1813.1877155526358,442.0101822959435
2007,Tennessee,755.0,4.6,3.6,70.2,5.15,207.342,2.9,40405.48,13.8,1869.5123926777903,478.3573627085696
2008,Tennessee,722.7,6.5,3.5,71.7,5.85,215.303,3.8,41334.97,14.1,2000.9775641025642,487.275641025641
2009,Tennessee,666.0,10.1,3.5,71.1,6.55,214.537,-0.4,40711.61,14.2,2066.8043202033036,590.6925031766201
2010,Tennessee,612.0,9.8,3.6,71.0,7.25,218.056,1.6,41673.83,14.8,2058.747640025173,667.2435494021397
2011,Tennessee,607.8,9.1,3.6,69.3,7.25,224.939,3.2,42979.61,15.5,2068.7187499999995,692.546875
2012,Tennessee,638.5,8.0,3.4,67.9,7.25,229.594,2.1,44321.67,16.1,2144.2998760842625,599.7366790582404
2013,Tennessee,585.8,7.8,3.3,66.8,7.25,232.957,1.5,44888.16,17.0,2102.631983992612,497.78359242727413
2014,Tennessee,610.7,6.6,3.2,66.7,7.25,236.736,1.6,46481.52,17.0,2151.70359052712,520.4583651642475
2015,Tennessee,618.9,5.6,3.1,66.5,7.25,237.017,0.1,48098.63,16.7,2138.817285822593,426.5959059893859
2016,Tennessee,638.5,4.7,3.01,66.4,7.25,240.007,1.3,48642.15,15.8,2112.5845737483087,410.2992031273493
2017,Tennessee,655.0,3.7,2.9,67.2,7.25,245.12,2.1,50321.89,15.0,2182.8890543559196,417.60238272524197
2018,Tennessee,630.4,3.5,2.9,68.0,7.25,251.107,2.4,52145.8,15.2,2221.584538211862,435.4676895839481
1984,Texas,505.0,6.1,4.9778,62.5,3.35,103.9,4.3,16135.07,22.4,841.8947230587928,201.83972764174416
1985,Texas,550.0,7.0,4.9222,60.5,3.35,107.6,3.5,16822.51,22.4,915.6428893034025,205.62809545249888
1986,Texas,658.9,8.8,4.8667,61.0,3.35,109.6,1.9,17321.82,22.6,986.3507109004739,224.00000000000003
1987,Texas,631.1,8.5,4.8111,61.1,3.35,113.6,3.7,18426.51,22.7,988.9992550285572,272.54780233424384
1988,Texas,652.6,7.4,4.7556,59.9,3.35,118.3,4.1,19334.04,22.3,1021.0186032326928,264.8124428179323
1989,Texas,658.5,6.7,4.7,61.0,3.35,124.0,4.8,20099.55,21.8,1079.2905081495687,271.9199424736338
1990,Texas,761.4,6.4,4.7,59.7,3.35,130.7,5.4,21027.98,21.6,1150.774121386943,323.5415317595809
1991,Texas,840.1,7.0,4.6429,59.0,3.8,136.2,4.2,21811.6,21.4,1158.5073249509746,392.6173722459338
1992,Texas,806.3,7.7,4.5857,58.3,4.25,140.3,3.0,22935.42,21.1,1248.0675782574301,257.44716917165783
1993,Texas,762.1,7.2,4.5286,58.7,4.25,144.5,3.0,23132.67,20.9,1346.556687333924,288.3027015057573
1994,Texas,706.5,6.6,4.4714,59.7,4.25,148.2,2.6,23753.53,20.4,1339.5812994901835,282.4818310011932
1995,Texas,663.9,6.1,4.4143,61.4,4.25,152.4,2.8,24705.66,20.0,1380.8501594048882,296.0945802337938
1996,Texas,644.4,5.8,4.3571,61.8,4.25,156.9,2.9,25913.9,19.0,1462.529932326913,279.60437272254035
1997,Texas,602.5,5.4,4.3,61.5,4.75,160.5,2.3,27426.0,18.2,1561.6381068951448,255.52325581395348
1998,Texas,564.6,5.0,4.2,62.5,5.15,163.0,1.6,28861.44,17.8,1653.3526531428,248.07135005496153
1999,Texas,560.3,4.7,4.1,62.9,5.15,166.6,2.2,30469.84,17.7,1741.793528807088,284.5513730481179
2000,Texas,545.1,4.4,4.0,63.8,5.15,172.2,3.4,32154.82,17.3,1886.307648238327,284.3502339348801
2001,Texas,571.6,5.0,4.0,63.9,5.15,177.1,2.8,32921.92,17.7,1995.438991234238,294.7592931139549
2002,Texas,579.7,6.3,3.9,63.4,5.15,179.9,1.6,33252.09,18.0,2121.4453502832666,329.87425728893186
2003,Texas,553.1,6.7,3.8,64.5,5.15,184.0,2.3,34064.95,17.9,2173.0075256142895,407.49387977151144
2004,Texas,540.9,6.0,3.7,65.5,5.15,188.9,2.7,35648.55,17.9,2233.816575965742,327.0541529128379
2005,Texas,528.1,5.5,3.6,65.9,5.15,195.3,3.4,36952.94,17.6,2332.76466976581,288.1106920445575
2006,Texas,517.3,5.0,3.7,66.0,5.15,201.6,3.2,38651.41,16.9,2415.02417732894,301.79725277076466
2007,Texas,510.4,4.4,3.6,66.0,5.15,207.342,2.9,40405.48,16.5,2494.429062840842,266.6079369074587
2008,Texas,508.0,4.9,3.5,65.5,5.85,215.303,3.8,41334.97,16.1,2732.035878867676,278.82653061224494
2009,Texas,491.0,7.5,3.5,65.4,6.55,214.537,-0.4,40711.61,15.9,2859.7732225002014,367.5732386409491
2010,Texas,448.4,8.2,3.6,65.3,7.25,218.056,1.6,41673.83,15.9,2967.130179858965,548.4747642817526
2011,Texas,408.6,8.0,3.6,64.3,7.25,224.939,3.2,42979.61,15.8,2884.9333229353506,523.2901817047492
2012,Texas,408.6,6.7,3.4,64.3,7.25,229.594,2.1,44321.67,15.8,2725.003833767827,453.189694832081
2013,Texas,410.3,6.3,3.3,63.3,7.25,232.957,1.5,44888.16,15.8,2727.9607250755284,386.63519637462235
2014,Texas,406.7,5.2,3.2,62.2,7.25,236.736,1.6,46481.52,15.6,2860.879724066313,350.2874309238586
2015,Texas,412.7,4.5,3.1,61.9,7.25,237.017,0.1,48098.63,15.9,2933.8818304270267,335.9641778004296
2016,Texas,433.8,4.6,3.01,61.5,7.25,240.007,1.3,48642.15,15.6,3006.5415203840366,366.6403955004657
2017,Texas,437.8,4.3,2.9,61.7,7.25,245.12,2.1,50321.89,14.7,3184.638224170231,365.62864515216853
2018,Texas,412.9,3.9,2.9,62.7,7.25,251.107,2.4,52145.8,14.9,3223.05327510917,355.90917030567687
2019,Texas,418.9,3.5,2.7,62.4,7.25,255.657,1.8,54099.99,13.6,3483.1614171870146,358.1502052644289
1984,Utah,244.2,6.6,4.9778,69.9,3.35,103.9,4.3,16135.07,18.2,929.0839205637412,271.7488789237668
1985,Utah,267.4,6.1,4.9222,71.5,3.35,107.6,3.5,16822.51,17.7,1012.7284183994959,302.1424070573409
1986,Utah,266.7,6.1,4.8667,68.0,3.35,109.6,1.9,17321.82,17.0,1098.6980781153131,333.41599504029756
1987,Utah,229.8,6.3,4.8111,69.0,3.35,113.6,3.7,18426.51,17.0,1104.6341463414635,377.86585365853665
1988,Utah,243.1,4.9,4.7556,70.2,3.35,118.3,4.1,19334.04,16.3,1113.0773845230954,330.1739652069586
1989,Utah,258.8,4.6,4.7,70.4,3.35,124.0,4.8,20099.55,16.0,1160.2359882005899,346.01769911504425
1990,Utah,283.9,4.4,4.7,70.1,3.35,130.7,5.4,21027.98,15.2,1206.790481717934,424.3180499129425
1991,Utah,286.8,4.7,4.6429,70.7,3.8,136.2,4.2,21811.6,14.8,1292.3076923076924,481.2782805429864
1992,Utah,290.5,4.9,4.5857,70.0,4.25,140.3,3.0,22935.42,14.0,1379.504132231405,270.85399449035816
1993,Utah,301.0,4.0,4.5286,68.9,4.25,144.5,3.0,23132.67,12.9,1446.3480128893661,287.7013963480129
1994,Utah,304.5,3.7,4.4714,69.3,4.25,148.2,2.6,23753.53,11.5,1562.218733647305,260.75353218210364
1995,Utah,328.8,3.4,4.4143,71.5,4.25,152.4,2.8,24705.66,11.1,1657.4706782253952,297.6542580316165
1996,Utah,331.9,3.4,4.3571,72.7,4.25,156.9,2.9,25913.9,10.2,1740.1390958768009,292.1013412816692
1997,Utah,334.0,3.2,4.3,72.5,4.75,160.5,2.3,27426.0,9.1,1757.0183930300097,303.43659244917717
1998,Utah,314.2,3.6,4.2,73.7,5.15,163.0,1.6,28861.44,9.2,1835.1886792452829,295.8962264150943
1999,Utah,275.6,3.5,4.1,74.7,5.15,166.6,2.2,30469.84,9.8,1894.5312499999998,387.4080882352941
2000,Utah,255.7,3.3,4.0,72.7,5.15,172.2,3.4,32154.82,10.1,1915.24064171123,313.14616755793224
2001,Utah,233.2,4.4,4.0,72.4,5.15,177.1,2.8,32921.92,10.5,2089.7861195984287,371.9336534264514
2002,Utah,236.7,5.7,3.9,72.8,5.15,179.9,1.6,33252.09,11.0,2272.322193658955,392.58783204798624
2003,Utah,250.4,5.6,3.8,73.4,5.15,184.0,2.3,34064.95,11.3,2197.563025210084,476.0924369747899
2004,Utah,233.3,5.0,3.7,74.9,5.15,188.9,2.7,35648.55,11.0,2258.589585895859,422.75522755227547
2005,Utah,225.4,4.0,3.6,73.9,5.15,195.3,3.4,36952.94,11.0,2240.08,360.68
2006,Utah,226.3,2.8,3.7,73.5,5.15,201.6,3.2,38651.41,10.2,2333.43653250774,352.438080495356
2007,Utah,239.9,2.6,3.6,74.9,5.15,207.342,2.9,40405.48,10.1,2427.8528528528527,349.77477477477476
2008,Utah,225.3,3.3,3.5,76.2,5.85,215.303,3.8,41334.97,10.0,2774.807480748075,358.4525119178585
2009,Utah,215.4,7.3,3.5,74.1,6.55,214.537,-0.4,40711.61,9.9,2850.628366247756,501.6157989228007
2010,Utah,213.5,7.9,3.6,72.5,7.25,218.056,1.6,41673.83,10.0,2692.828828828829,718.3063063063063
2011,Utah,197.1,7.1,3.6,71.4,7.25,224.939,3.2,42979.61,10.4,2800.142095914742,639.6447602131439
2012,Utah,208.0,4.8,3.4,71.1,7.25,229.594,2.1,44321.67,10.5,2869.4814295725296,612.1934127540294
2013,Utah,228.9,4.2,3.3,70.9,7.25,232.957,1.5,44888.16,10.6,2904.0013797861334,574.6119351500517
2014,Utah,219.5,3.6,3.2,70.9,7.25,236.736,1.6,46481.52,9.8,2827.535738597685,568.9925119128659
2015,Utah,238.7,3.5,3.1,69.9,7.25,237.017,0.1,48098.63,11.2,2939.2761394101876,515.3820375335121
2016,Utah,243.3,3.3,3.01,71.3,7.25,240.007,1.3,48642.15,10.2,3166.0315374507227,507.1287779237845
2017,Utah,242.2,3.1,2.9,71.0,7.25,245.12,2.1,50321.89,9.7,3240.4317010309273,502.7061855670103
2018,Utah,239.4,2.9,2.9,72.2,7.25,251.107,2.4,52145.8,9.1,3366.6244057052304,488.55784469096676
2019,Utah,235.6,2.5,2.7,71.9,7.25,255.657,1.8,54099.99,8.8,3319.263190758664,527.8176709334998
1984,Vermont,145.1,4.9,4.9778,66.9,3.35,103.9,4.3,16135.07,17.7,848.3992467043314,382.2975517890772
1985,Vermont,147.7,4.6,4.9222,69.5,3.35,107.6,3.5,16822.51,16.6,907.462686567164,407.46268656716416
1986,Vermont,149.2,4.3,4.8667,69.8,3.35,109.6,1.9,17321.82,15.0,994.6494464944649,418.450184501845
1987,Vermont,136.5,3.7,4.8111,70.5,3.35,113.6,3.7,18426.51,14.2,1114.6252285191956,437.84277879341863
1988,Vermont,142.3,3.0,4.7556,68.7,3.55,118.3,4.1,19334.04,13.9,1237.1376811594203,446.195652173913
1989,Vermont,132.8,3.6,4.7,69.7,3.55,124.0,4.8,20099.55,13.5,1361.7594254937162,536.8043087971274
1990,Vermont,127.2,4.7,4.7,72.6,3.55,130.7,5.4,21027.98,13.8,1523.2682060390766,621.1367673179396
1991,Vermont,116.8,5.9,4.6429,70.8,3.85,136.2,4.2,21811.6,14.4,1599.8236331569667,788.7125220458554
1992,Vermont,109.5,6.2,4.5857,70.8,4.25,140.3,3.0,22935.42,14.5,1602.6223776223778,534.7902097902098
1993,Vermont,114.2,5.2,4.5286,68.5,4.25,144.5,3.0,23132.67,14.5,1552.951388888889,540.7986111111112
1994,Vermont,96.9,4.4,4.4714,69.4,4.25,148.2,2.6,23753.53,14.2,1648.3648881239244,553.3562822719449
1995,Vermont,118.3,4.2,4.4143,70.4,4.25,152.4,2.8,24705.66,13.2,1697.094017094017,588.3760683760684
1996,Vermont,121.2,4.3,4.3571,70.3,4.75,156.9,2.9,25913.9,12.1,1783.5593220338983,538.8135593220339
1997,Vermont,119.7,3.9,4.3,69.1,5.0,160.5,2.3,27426.0,11.6,1897.9831932773109,534.1176470588235
1998,Vermont,106.3,3.5,4.2,69.1,5.25,163.0,1.6,28861.44,10.9,1971.786310517529,505.50918196994996
1999,Vermont,113.9,3.1,4.1,69.1,5.25,166.6,2.2,30469.84,10.4,2058.4437086092717,500.82781456953643
2000,Vermont,113.5,2.8,4.0,68.7,5.75,172.2,3.4,32154.82,10.7,2198.688524590164,568.6885245901639
2001,Vermont,105.1,3.3,4.0,69.8,6.25,177.1,2.8,32921.92,10.6,2304.4117647058824,606.6993464052288
2002,Vermont,106.7,3.8,3.9,70.3,6.25,179.9,1.6,33252.09,10.3,2397.2357723577234,711.219512195122
2003,Vermont,114.2,4.4,3.8,71.4,6.25,184.0,2.3,34064.95,9.7,2691.410048622366,925.1215559157212
2004,Vermont,114.8,3.7,3.7,72.0,6.75,188.9,2.7,35648.55,9.1,2872.8155339805826,936.084142394822
2005,Vermont,125.6,3.5,3.6,74.2,7.0,195.3,3.4,36952.94,9.0,3101.7770597738286,826.9789983844911
2006,Vermont,145.1,3.7,3.7,74.0,7.25,201.6,3.2,38651.41,9.1,3298.548387096774,705.8064516129033
2007,Vermont,129.1,3.9,3.6,73.7,7.53,207.342,2.9,40405.48,9.0,3501.1290322580644,786.9354838709677
2008,Vermont,137.5,4.5,3.5,72.8,7.68,215.303,3.8,41334.97,9.2,3593.8808373590987,848.4702093397746
2009,Vermont,134.6,6.2,3.5,74.3,8.06,214.537,-0.4,40711.61,9.5,3683.922829581994,999.5176848874598
2010,Vermont,131.0,6.3,3.6,73.6,8.06,218.056,1.6,41673.83,9.3,3777.476038338658,1189.776357827476
2011,Vermont,147.6,5.6,3.6,74.6,8.15,224.939,3.2,42979.61,9.3,3822.488038277512,992.6634768740031
2012,Vermont,142.3,4.8,3.4,73.4,8.46,229.594,2.1,44321.67,9.4,3877.955271565495,1400.0
2013,Vermont,123.6,4.4,3.3,73.0,8.6,232.957,1.5,44888.16,9.4,4027.9106858054224,1412.280701754386
2014,Vermont,102.6,4.0,3.2,73.5,8.73,236.736,1.6,46481.52,8.8,4123.961661341853,1518.0511182108626
2015,Vermont,119.3,3.5,3.1,71.8,9.15,237.017,0.1,48098.63,10.4,4201.757188498403,1442.0127795527158
2016,Vermont,136.5,3.1,3.01,71.3,9.6,240.007,1.3,48642.15,11.3,4444.871794871795,1493.75
2017,Vermont,173.3,3.0,2.9,71.1,10.0,245.12,2.1,50321.89,10.8,4578.719999999999,1507.52
2018,Vermont,185.0,2.6,2.9,71.4,10.5,251.107,2.4,52145.8,10.7,4933.12,1466.24
2019,Vermont,202.2,2.3,2.7,70.9,10.96,255.657,1.8,54099.99,10.1,4795.833333333333,1361.378205128205
1984,Virginia,295.6,5.1,4.9778,68.3,3.35,103.9,4.3,16135.07,15.9,740.8080451658433,215.80804516584334
1985,Virginia,294.7,5.4,4.9222,68.5,3.35,107.6,3.5,16822.51,15.2,805.1808066759388,237.2044506258693
1986,Virginia,306.0,5.0,4.8667,68.2,3.35,109.6,1.9,17321.82,14.4,889.9074708704592,240.47292666209734
1987,Virginia,295.0,4.2,4.8111,69.0,3.35,113.6,3.7,18426.51,14.5,953.613644039176,263.39074636946975
1988,Virginia,299.2,3.9,4.7556,69.8,3.35,118.3,4.1,19334.04,14.4,1034.3817606922948,282.492927275753
1989,Virginia,312.5,3.9,4.7,70.2,3.35,124.0,4.8,20099.55,14.9,1132.3384716300427,299.19645785503445
1990,Virginia,350.6,4.4,4.7,69.8,3.35,130.7,5.4,21027.98,14.7,1242.7994181347988,330.5317601422337
1991,Virginia,373.2,5.8,4.6429,68.9,3.8,136.2,4.2,21811.6,15.0,1290.687290703237,428.6397703715516
1992,Virginia,374.9,6.2,4.5857,67.8,4.25,140.3,3.0,22935.42,14.9,1273.5368156073002,290.32410320956575
1993,Virginia,372.2,5.2,4.5286,68.5,4.25,144.5,3.0,23132.67,14.6,1310.7575287177895,296.10369450481215
1994,Virginia,357.7,4.8,4.4714,69.3,4.25,148.2,2.6,23753.53,14.4,1371.8376722817763,305.63552833078097
1995,Virginia,361.5,4.4,4.4143,68.1,4.25,152.4,2.8,24705.66,14.7,1431.0063463281956,309.56482320942877
1996,Virginia,341.3,4.3,4.3571,68.5,4.25,156.9,2.9,25913.9,14.0,1516.711389385808,304.42754919499106
1997,Virginia,345.2,3.7,4.3,68.4,4.75,160.5,2.3,27426.0,13.0,1556.7814062959694,319.2703736393057
1998,Virginia,325.7,2.8,4.2,69.4,5.15,163.0,1.6,28861.44,12.3,1631.9692352343636,326.0049339718473
1999,Virginia,314.7,2.7,4.1,71.2,5.15,166.6,2.2,30469.84,11.4,1716.2800687285223,336.84135166093927
2000,Virginia,281.7,2.3,4.0,73.9,5.15,172.2,3.4,32154.82,10.7,1878.6910626319493,350.99225897255457
2001,Virginia,291.0,3.3,4.0,75.1,5.15,177.1,2.8,32921.92,10.7,1995.5360867751356,393.422333472396
2002,Virginia,291.7,4.4,3.9,74.4,5.15,179.9,1.6,33252.09,11.2,2111.930258099945,392.53157605711147
2003,Virginia,278.2,4.3,3.8,75.0,5.15,184.0,2.3,34064.95,11.2,2130.9058855438025,552.4138866286954
2004,Virginia,275.5,4.1,3.7,73.4,5.15,188.9,2.7,35648.55,11.5,2189.650555629937,490.4404873477038
2005,Virginia,283.4,3.8,3.6,71.2,5.15,195.3,3.4,36952.94,11.3,2361.9381279746167,461.3299841353781
2006,Virginia,283.7,3.3,3.7,71.1,5.15,201.6,3.2,38651.41,11.5,2554.8842683405255,478.88060677389825
2007,Virginia,272.8,3.3,3.6,71.5,5.15,207.342,2.9,40405.48,11.4,2755.6865284974097,521.3471502590673
2008,Virginia,257.8,4.3,3.5,70.6,5.85,215.303,3.8,41334.97,11.5,2957.062219371392,537.5497113534317
2009,Virginia,230.8,6.8,3.5,69.7,6.55,214.537,-0.4,40711.61,12.0,2885.322846631993,602.1311683369277
2010,Virginia,214.2,7.3,3.6,68.7,7.25,218.056,1.6,41673.83,12.5,2858.6241276171486,706.3434695912264
2011,Virginia,197.6,6.6,3.6,67.9,7.25,224.939,3.2,42979.61,12.9,2834.226117008146,662.8363367069859
2012,Virginia,191.5,5.9,3.4,67.8,7.25,229.594,2.1,44321.67,13.5,2909.722731159155,617.7965066568951
2013,Virginia,197.8,5.6,3.3,68.1,7.25,232.957,1.5,44888.16,13.9,2960.9011627906975,571.0029069767442
2014,Virginia,198.4,5.1,3.2,68.7,7.25,236.736,1.6,46481.52,14.1,2958.280216476248,591.9903788334335
2015,Virginia,199.6,4.4,3.1,67.1,7.25,237.017,0.1,48098.63,11.2,3066.7025218118797,474.43528146288986
2016,Virginia,219.8,4.0,3.01,66.3,7.25,240.007,1.3,48642.15,11.0,3074.16250890948,469.8028035162747
2017,Virginia,210.4,3.7,2.9,67.5,7.25,245.12,2.1,50321.89,10.7,3222.0162908747493,461.00814543737454
2018,Virginia,204.2,2.9,2.9,66.0,7.25,251.107,2.4,52145.8,10.7,3251.5920573375633,442.3452003289861
2019,Virginia,208.0,2.7,2.7,67.6,7.25,255.657,1.8,54099.99,9.9,3290.3003389038213,487.0632230922052
1984,West Virginia,168.2,14.1,4.9778,72.0,3.35,103.9,4.3,16135.07,27.9,729.1092258748674,396.65959703075293
1985,West Virginia,166.0,13.2,4.9222,75.9,3.35,107.6,3.5,16822.51,27.7,838.3422459893048,410.6951871657754
1986,West Virginia,164.5,12.0,4.8667,76.4,3.35,109.6,1.9,17321.82,27.4,868.6084142394822,453.3980582524272
1987,West Virginia,137.3,11.0,4.8111,72.5,3.35,113.6,3.7,18426.51,26.6,883.1973898858075,539.4235997824904
1988,West Virginia,131.4,9.9,4.7556,73.2,3.35,118.3,4.1,19334.04,24.7,899.2324561403509,508.2236842105263
1989,West Virginia,146.7,8.7,4.7,74.8,3.35,124.0,4.8,20099.55,22.9,944.8313985627419,524.5439469320066
1990,West Virginia,169.3,8.6,4.7,72.0,3.35,130.7,5.4,21027.98,22.4,987.0607919687675,601.7289459007251
1991,West Virginia,191.0,10.6,4.6429,72.4,3.8,136.2,4.2,21811.6,22.4,1108.5793871866297,684.4568245125348
1992,West Virginia,211.5,11.2,4.5857,73.3,4.25,140.3,3.0,22935.42,22.3,1253.8975501113584,313.3073496659243
1993,West Virginia,208.4,10.3,4.5286,73.3,4.25,144.5,3.0,23132.67,21.5,1348.0533926585094,328.25361512791994
1994,West Virginia,215.8,8.8,4.4714,73.7,4.25,148.2,2.6,23753.53,21.1,1365.869927737632,325.4030016675931
1995,West Virginia,210.2,8.0,4.4143,73.1,4.25,152.4,2.8,24705.66,19.5,1453.026096612993,360.07773459189343
1996,West Virginia,210.1,7.7,4.3571,74.3,4.25,156.9,2.9,25913.9,17.5,1480.8546059933408,339.73362930077695
1997,West Virginia,218.7,7.0,4.3,74.6,4.75,160.5,2.3,27426.0,16.1,1548.6141906873613,313.7472283813747
1998,West Virginia,248.6,6.7,4.2,74.8,5.15,163.0,1.6,28861.44,15.1,1596.731301939058,291.41274238227146
1999,West Virginia,350.7,6.5,4.1,74.8,5.15,166.6,2.2,30469.84,14.4,1684.1726618705038,287.3270614277809
2000,West Virginia,316.5,5.6,4.0,75.9,5.15,172.2,3.4,32154.82,14.3,1768.2346430547868,318.2069728832319
2001,West Virginia,279.6,5.4,4.0,76.4,5.15,177.1,2.8,32921.92,14.5,1829.905503057254,354.0856031128405
2002,West Virginia,233.9,6.5,3.9,77.2,5.15,179.9,1.6,33252.09,14.6,1972.1511951083937,422.29016120066706
2003,West Virginia,255.4,6.6,3.8,78.1,5.15,184.0,2.3,34064.95,14.9,2097.8357380688126,470.92119866814653
2004,West Virginia,281.9,5.8,3.7,80.3,5.15,188.9,2.7,35648.55,14.8,2093.12257348863,336.1064891846922
2005,West Virginia,273.9,5.5,3.6,81.3,5.15,195.3,3.4,36952.94,13.9,2190.9645232815965,297.450110864745
2006,West Virginia,281.2,5.2,3.7,78.4,5.15,201.6,3.2,38651.41,13.1,2387.825124515772,281.62700608743774
2007,West Virginia,276.8,4.8,3.6,77.6,5.85,207.342,2.9,40405.48,12.4,2527.7194919933736,317.7802319160685
2008,West Virginia,275.9,4.7,3.5,77.8,6.55,215.303,3.8,41334.97,12.0,2600.0550964187332,331.0192837465565
2009,West Virginia,305.2,8.3,3.5,78.7,7.25,214.537,-0.4,40711.61,11.6,2711.0439560439563,380.4395604395604
2010,West Virginia,301.2,8.7,3.6,79.0,7.25,218.056,1.6,41673.83,12.0,2861.0032362459547,569.4714131607335
2011,West Virginia,296.3,7.8,3.6,78.7,7.25,224.939,3.2,42979.61,12.3,3037.102854065697,574.6903607969845
2012,West Virginia,320.1,7.2,3.4,75.8,7.25,229.594,2.1,44321.67,13.1,2995.907377490576,504.84652665589664
2013,West Virginia,305.2,6.7,3.3,76.8,7.25,232.957,1.5,44888.16,13.7,2978.2210242587603,518.7601078167115
2014,West Virginia,316.4,6.5,3.2,75.6,7.25,236.736,1.6,46481.52,14.0,2951.7017828200974,448.83846569421934
2015,West Virginia,347.5,6.6,3.1,74.9,8.0,237.017,0.1,48098.63,18.0,2916.006511123169,672.4905046120456
2016,West Virginia,362.7,6.1,3.01,74.8,8.75,240.007,1.3,48642.15,17.9,2955.4039301310045,734.6615720524018
2017,West Virginia,361.2,5.2,2.9,75.1,8.75,245.12,2.1,50321.89,18.5,2994.2825728422213,704.8927982407916
2018,West Virginia,299.9,5.2,2.9,74.7,8.75,251.107,2.4,52145.8,17.4,2883.4440753045405,744.4075304540421
2019,West Virginia,316.6,4.9,2.7,75.6,8.75,255.657,1.8,54099.99,16.2,2923.1197771587745,642.7855153203343
1984,Wisconsin,196.5,7.3,4.9778,65.2,3.35,103.9,4.3,16135.07,16.2,913.622096672944,457.60619376438586
1985,Wisconsin,206.9,7.2,4.9222,63.8,3.35,107.6,3.5,16822.51,16.1,958.7119633180491,506.0025010421009
1986,Wisconsin,257.9,6.8,4.8667,66.5,3.35,109.6,1.9,17321.82,15.0,1032.2399833921527,531.1397135146357
1987,Wisconsin,249.9,5.7,4.8111,68.2,3.35,113.6,3.7,18426.51,13.3,1069.8448810754912,581.5718717683558
1988,Wisconsin,214.4,4.4,4.7556,68.0,3.35,118.3,4.1,19334.04,12.5,1184.116192830655,556.3658838071693
1989,Wisconsin,222.6,4.3,4.7,69.3,3.35,124.0,4.8,20099.55,11.8,1234.1678637389698,585.9839934332033
1990,Wisconsin,264.7,4.4,4.7,68.3,3.35,130.7,5.4,21027.98,11.6,1338.40964840556,633.5854456255109
1991,Wisconsin,277.0,5.4,4.6429,68.9,3.8,136.2,4.2,21811.6,12.4,1450.4152319222198,701.8634798460603
1992,Wisconsin,275.7,5.1,4.5857,69.4,4.25,140.3,3.0,22935.42,12.5,1494.200280955248,462.35199678908293
1993,Wisconsin,264.4,4.3,4.5286,65.7,4.25,144.5,3.0,23132.67,12.2,1618.0155100417578,489.26227878305826
1994,Wisconsin,270.5,4.2,4.4714,64.2,4.25,148.2,2.6,23753.53,12.1,1649.6354679802955,484.0788177339901
1995,Wisconsin,281.1,3.7,4.4143,67.5,4.25,152.4,2.8,24705.66,11.3,1710.6598984771574,538.7153455681375
1996,Wisconsin,252.7,3.6,4.3571,68.2,4.25,156.9,2.9,25913.9,10.1,1800.4448742746613,517.1566731141199
1997,Wisconsin,270.6,3.5,4.3,68.3,4.75,160.5,2.3,27426.0,9.6,1893.522422384055,532.6561901111537
1998,Wisconsin,249.0,3.3,4.2,70.1,5.15,163.0,1.6,28861.44,9.3,2006.855298139005,460.04557538928975
1999,Wisconsin,245.8,3.1,4.1,70.9,5.15,166.6,2.2,30469.84,8.7,2082.0131702728127,510.12229539040453
2000,Wisconsin,236.8,3.4,4.0,71.8,5.15,172.2,3.4,32154.82,8.5,2162.318570896911,508.1317454410123
2001,Wisconsin,231.0,4.4,4.0,72.3,5.15,177.1,2.8,32921.92,8.6,2300.5731188759473,610.1867258273248
2002,Wisconsin,225.0,5.3,3.9,72.2,5.15,179.9,1.6,33252.09,8.9,2346.6128143932438,661.00605838076
2003,Wisconsin,221.1,5.6,3.8,72.8,5.15,184.0,2.3,34064.95,9.2,2392.0394376483478,758.8825999634836
2004,Wisconsin,209.8,5.0,3.7,73.3,5.15,188.9,2.7,35648.55,9.4,2468.9167120304846,697.7499546361822
2005,Wisconsin,241.8,4.8,3.6,71.1,5.15,195.3,3.4,36952.94,9.6,2533.513806172171,626.7821692835228
2006,Wisconsin,286.1,4.7,3.7,70.2,5.7,201.6,3.2,38651.41,9.2,2615.075376884422,636.4680545585069
2007,Wisconsin,291.5,4.8,3.6,70.5,6.5,207.342,2.9,40405.48,9.2,2697.80435558729,663.9950017850767
2008,Wisconsin,275.5,4.9,3.5,70.4,6.5,215.303,3.8,41334.97,9.1,2813.859275053305,677.7363184079602
2009,Wisconsin,259.1,9.0,3.5,70.4,6.55,214.537,-0.4,40711.61,9.4,2903.5543766578244,857.7541998231653
2010,Wisconsin,248.9,8.5,3.6,71.0,7.25,218.056,1.6,41673.83,9.8,3000.3690036900366,1118.6259005447198
2011,Wisconsin,249.9,7.6,3.6,68.5,7.25,224.939,3.2,42979.61,10.5,3088.5734314756396,992.3764458464773
2012,Wisconsin,283.9,6.9,3.4,67.5,7.25,229.594,2.1,44321.67,10.9,3028.054535920294,877.3990561090719
2013,Wisconsin,280.7,6.7,3.3,68.5,7.25,232.957,1.5,44888.16,11.4,2984.437086092715,697.0024398745207
2014,Wisconsin,291.1,5.3,3.2,67.8,7.25,236.736,1.6,46481.52,11.4,3098.6789501129847,858.143577264036
2015,Wisconsin,304.3,4.4,3.1,66.6,7.25,237.017,0.1,48098.63,12.1,3133.454797848343,683.4981780322748
2016,Wisconsin,306.9,3.9,3.01,67.7,7.25,240.007,1.3,48642.15,11.8,3185.5757575757575,709.4372294372293
2017,Wisconsin,321.8,3.3,2.9,68.0,7.25,245.12,2.1,50321.89,11.3,3203.4697048161574,709.1662351113413
2018,Wisconsin,299.0,3.0,2.9,67.9,7.25,251.107,2.4,52145.8,11.1,3363.1606128421413,715.2349802031331
2019,Wisconsin,293.2,3.3,2.7,66.1,7.25,255.657,1.8,54099.99,10.4,3452.2403433476393,664.7381974248926
1984,Wyoming,242.1,6.3,4.9778,68.8,3.35,103.9,4.3,16135.07,17.1,1703.4557235421166,400.8639308855291
1985,Wyoming,256.8,7.0,4.9222,73.2,3.35,107.6,3.5,16822.51,16.8,1755.844155844156,394.15584415584414
1986,Wyoming,293.1,8.6,4.8667,72.0,3.35,109.6,1.9,17321.82,15.6,1863.4782608695652,455.65217391304344
1987,Wyoming,283.1,8.1,4.8111,68.9,3.35,113.6,3.7,18426.51,14.8,1732.532751091703,520.7423580786026
1988,Wyoming,314.0,6.5,4.7556,67.8,3.35,118.3,4.1,19334.04,14.2,1691.9037199124728,392.3413566739606
1989,Wyoming,258.3,6.1,4.7,69.6,3.35,124.0,4.8,20099.55,13.0,1666.3736263736264,409.01098901098896
1990,Wyoming,301.4,5.1,4.7,68.9,3.35,130.7,5.4,21027.98,13.3,1749.339207048458,418.0616740088106
1991,Wyoming,310.2,5.0,4.6429,68.7,3.8,136.2,4.2,21811.6,14.0,1860.3938730853392,543.9824945295404
1992,Wyoming,319.5,5.4,4.5857,67.9,4.25,140.3,3.0,22935.42,14.2,1942.0824295010843,319.52277657266814
1993,Wyoming,286.2,5.3,4.5286,67.1,4.25,144.5,3.0,23132.67,13.8,1916.1290322580644,316.5591397849462
1994,Wyoming,272.5,4.9,4.4714,65.8,4.25,148.2,2.6,23753.53,13.3,2011.9402985074628,288.05970149253733
1995,Wyoming,254.2,4.8,4.4143,69.0,4.25,152.4,2.8,24705.66,12.9,2023.678646934461,356.87103594080344
1996,Wyoming,249.7,5.0,4.3571,68.0,4.25,156.9,2.9,25913.9,12.0,2056.394129979036,315.72327044025155
1997,Wyoming,255.2,4.8,4.3,67.6,4.75,160.5,2.3,27426.0,11.3,2092.931392931393,285.86278586278587
1998,Wyoming,247.6,4.8,4.2,70.0,5.15,163.0,1.6,28861.44,10.7,2105.360824742268,257.319587628866
1999,Wyoming,232.5,4.7,4.1,69.8,5.15,166.6,2.2,30469.84,10.3,2208.571428571429,250.0
2000,Wyoming,266.5,3.8,4.0,71.0,5.15,172.2,3.4,32154.82,9.4,2307.894736842105,262.3481781376518
2001,Wyoming,257.6,3.8,4.0,73.5,5.15,177.1,2.8,32921.92,9.1,2487.6267748478704,390.6693711967546
2002,Wyoming,273.4,4.0,3.9,73.0,5.15,179.9,1.6,33252.09,9.0,2617.1026156941653,343.6619718309859
2003,Wyoming,261.7,4.3,3.8,72.9,5.15,184.0,2.3,34064.95,8.9,2777.154308617234,538.877755511022
2004,Wyoming,229.9,3.8,3.7,72.8,5.15,188.9,2.7,35648.55,8.9,2900.1988071570577,470.77534791252486
2005,Wyoming,230.3,3.6,3.6,72.8,5.15,195.3,3.4,36952.94,9.2,3169.169960474308,441.897233201581
2006,Wyoming,253.8,3.0,3.7,73.7,5.15,201.6,3.2,38651.41,9.0,3365.302144249513,391.812865497076
2007,Wyoming,257.1,2.6,3.6,73.2,5.15,207.342,2.9,40405.48,8.9,3939.3881453154877,457.74378585086043
2008,Wyoming,249.7,2.9,3.5,73.3,5.85,215.303,3.8,41334.97,8.6,4290.243902439024,486.8667917448405
2009,Wyoming,219.7,6.3,3.5,73.8,6.55,214.537,-0.4,40711.61,8.8,4602.2058823529405,629.0441176470588
2010,Wyoming,197.9,6.9,3.6,73.4,7.25,218.056,1.6,41673.83,8.8,4434.690265486726,856.637168141593
2011,Wyoming,219.4,6.2,3.6,71.1,7.25,224.939,3.2,42979.61,9.1,4462.78659611993,753.7918871252205
2012,Wyoming,201.3,5.5,3.4,70.3,7.25,229.594,2.1,44321.67,9.4,4631.715771230503,661.1785095320624
2013,Wyoming,207.8,4.8,3.3,70.5,7.25,232.957,1.5,44888.16,9.7,4541.509433962264,587.6500857632934
2014,Wyoming,195.4,4.3,3.2,70.8,7.25,236.736,1.6,46481.52,9.7,4773.584905660377,580.2744425385936
2015,Wyoming,221.6,4.2,3.1,69.9,7.25,237.017,0.1,48098.63,10.6,5102.901023890786,544.3686006825939
2016,Wyoming,244.7,5.4,3.01,70.2,7.25,240.007,1.3,48642.15,10.9,5437.606837606838,613.3333333333334
2017,Wyoming,234.6,4.3,2.9,70.4,7.25,245.12,2.1,50321.89,10.8,5340.172413793104,620.8620689655173
2018,Wyoming,213.8,4.0,2.9,71.1,7.25,251.107,2.4,52145.8,10.7,4799.136442141624,586.5284974093265
2019,Wyoming,217.4,3.7,2.7,71.3,7.25,255.657,1.8,54099.99,9.9,4890.862068965517,584.3103448275862
